gene,DEMO_CELL_001,DEMO_CELL_002,DEMO_CELL_003,DEMO_CELL_004,DEMO_CELL_005,DEMO_CELL_006,DEMO_CELL_007,DEMO_CELL_008,DEMO_CELL_009,DEMO_CELL_010,DEMO_CELL_011,DEMO_CELL_012,DEMO_CELL_013,DEMO_CELL_014,DEMO_CELL_015,DEMO_CELL_016,DEMO_CELL_017,DEMO_CELL_018,DEMO_CELL_019,DEMO_CELL_020,DEMO_CELL_021,DEMO_CELL_022,DEMO_CELL_023,DEMO_CELL_024,DEMO_CELL_025,DEMO_CELL_026,DEMO_CELL_027,DEMO_CELL_028,DEMO_CELL_029,DEMO_CELL_030,DEMO_CELL_031,DEMO_CELL_032,DEMO_CELL_033,DEMO_CELL_034,DEMO_CELL_035,DEMO_CELL_036,DEMO_CELL_037,DEMO_CELL_038,DEMO_CELL_039,DEMO_CELL_040,DEMO_CELL_041,DEMO_CELL_042,DEMO_CELL_043,DEMO_CELL_044,DEMO_CELL_045,DEMO_CELL_046,DEMO_CELL_047,DEMO_CELL_048,DEMO_CELL_049,DEMO_CELL_050,DEMO_CELL_051,DEMO_CELL_052,DEMO_CELL_053,DEMO_CELL_054,DEMO_CELL_055,DEMO_CELL_056,DEMO_CELL_057,DEMO_CELL_058,DEMO_CELL_059,DEMO_CELL_060,DEMO_CELL_061,DEMO_CELL_062,DEMO_CELL_063,DEMO_CELL_064,DEMO_CELL_065,DEMO_CELL_066,DEMO_CELL_067,DEMO_CELL_068,DEMO_CELL_069,DEMO_CELL_070,DEMO_CELL_071,DEMO_CELL_072,DEMO_CELL_073,DEMO_CELL_074,DEMO_CELL_075,DEMO_CELL_076,DEMO_CELL_077,DEMO_CELL_078,DEMO_CELL_079,DEMO_CELL_080,DEMO_CELL_081,DEMO_CELL_082,DEMO_CELL_083,DEMO_CELL_084,DEMO_CELL_085,DEMO_CELL_086,DEMO_CELL_087,DEMO_CELL_088,DEMO_CELL_089,DEMO_CELL_090,DEMO_CELL_091,DEMO_CELL_092,DEMO_CELL_093,DEMO_CELL_094,DEMO_CELL_095,DEMO_CELL_096,DEMO_CELL_097,DEMO_CELL_098,DEMO_CELL_099,DEMO_CELL_100,DEMO_CELL_101,DEMO_CELL_102,DEMO_CELL_103,DEMO_CELL_104,DEMO_CELL_105,DEMO_CELL_106,DEMO_CELL_107,DEMO_CELL_108,DEMO_CELL_109,DEMO_CELL_110,DEMO_CELL_111,DEMO_CELL_112,DEMO_CELL_113,DEMO_CELL_114,DEMO_CELL_115,DEMO_CELL_116,DEMO_CELL_117,DEMO_CELL_118,DEMO_CELL_119,DEMO_CELL_120
SIMGENE0001,13,22,19,20,6,13,19,5,17,3,8,3,5,14,5,3,5,22,1,3,7,7,7,3,5,12,3,7,17,3,15,6,7,15,1,2,3,9,3,7,47,42,13,13,7,43,7,16,7,1,9,34,47,5,13,9,15,6,10,10,29,31,27,23,16,80,16,44,9,17,2,25,39,21,18,16,11,3,48,20,12,24,45,4,11,39,62,18,56,54,32,36,33,14,32,25,28,35,8,35,23,131,10,8,90,69,20,23,21,32,32,16,64,25,42,19,28,48,21,14
SIMGENE0002,3,1,4,3,6,6,5,6,8,3,10,1,2,2,16,3,6,8,5,3,3,4,8,5,16,4,4,1,6,4,4,7,7,5,8,5,9,1,3,4,4,1,2,2,6,2,2,4,7,7,0,5,2,11,5,2,3,9,3,2,8,10,26,7,11,6,15,7,2,5,18,5,19,8,11,13,8,16,10,8,13,7,1,12,8,20,54,21,13,30,34,6,22,12,21,8,13,18,9,15,10,7,8,8,8,8,13,8,7,3,17,5,3,4,3,10,6,23,3,5
SIMGENE0003,11,13,6,8,9,14,19,13,34,1,18,28,20,16,5,1,12,19,22,4,4,3,2,3,2,27,10,7,16,4,20,8,6,13,8,2,4,15,22,21,19,8,5,8,6,10,15,4,7,7,27,1,20,5,19,11,6,20,9,19,28,27,28,22,5,12,64,5,48,45,61,34,34,83,25,20,54,21,31,15,6,34,16,9,20,23,6,42,4,9,13,29,11,10,22,4,4,18,18,20,10,31,13,25,16,17,32,19,11,20,9,25,6,7,38,13,19,21,20,28
SIMGENE0004,5,13,21,8,3,15,23,1,3,15,13,11,4,10,3,10,10,8,8,17,9,20,25,10,14,27,20,10,7,10,15,18,4,2,15,6,4,9,12,15,4,9,16,3,7,11,3,8,15,7,9,13,2,1,2,4,7,16,15,11,57,31,131,25,33,21,94,90,71,4,26,81,49,60,60,52,55,55,12,41,2,17,38,24,9,10,9,12,8,13,5,34,73,26,17,8,45,19,29,19,88,4,38,39,28,13,17,18,36,24,77,6,19,32,17,28,19,66,77,19
SIMGENE0005,6,8,10,4,4,4,4,3,7,7,13,23,3,12,10,3,3,3,0,16,3,1,3,3,2,2,5,3,3,6,3,10,10,1,10,3,11,1,10,0,12,8,20,9,3,5,9,12,3,9,8,1,11,10,6,4,4,13,7,13,37,22,20,23,17,34,8,14,17,52,6,14,44,18,47,9,33,13,20,8,24,10,16,4,23,50,11,12,8,6,33,4,39,50,21,20,34,19,21,50,11,3,9,23,12,8,8,10,14,8,19,15,4,39,20,17,7,10,15,29
SIMGENE0006,4,10,9,4,2,5,8,15,1,4,1,13,7,10,4,14,9,6,7,23,1,17,15,19,6,1,22,16,13,5,16,17,9,1,11,9,5,8,8,5,7,2,8,12,5,4,1,10,2,9,8,6,5,11,5,8,2,30,6,12,42,39,101,14,22,20,15,8,20,3,14,63,25,12,17,23,11,28,30,6,32,47,7,10,63,25,37,58,36,33,30,35,48,13,18,14,77,35,117,83,11,70,24,13,20,26,26,12,28,64,33,60,36,10,36,80,12,87,29,82
SIMGENE0007,5,4,4,1,1,1,3,1,1,2,1,4,3,0,1,1,2,11,5,1,1,5,1,2,2,4,3,0,1,2,3,2,4,4,3,0,3,1,3,1,3,3,4,1,3,3,3,4,7,7,2,3,4,6,3,8,10,2,2,1,22,1,5,10,8,10,4,7,7,8,3,2,12,2,6,6,7,6,8,5,6,5,11,9,18,7,2,2,1,3,8,26,14,10,9,4,6,8,2,7,2,17,13,6,8,20,20,24,4,6,10,7,7,3,7,16,9,9,5,6
SIMGENE0008,3,23,14,13,18,12,1,6,4,3,9,12,1,19,42,3,3,5,15,24,2,12,10,3,10,12,3,7,1,13,6,5,11,1,1,23,4,9,7,7,4,9,18,21,11,4,24,10,6,12,20,4,5,11,14,11,3,12,7,16,43,2,11,13,22,13,16,28,19,14,12,13,9,39,2,32,10,8,43,22,15,45,31,14,45,48,49,23,16,39,33,27,29,48,50,23,20,42,22,9,45,28,24,21,79,11,6,32,35,16,21,38,9,21,13,26,5,26,47,37
SIMGENE0009,3,11,21,3,5,1,11,4,2,2,4,6,18,6,6,18,3,2,4,6,5,8,11,12,29,3,14,6,4,21,18,15,7,6,11,24,23,1,10,2,11,23,20,16,9,9,13,40,9,11,4,4,8,5,6,11,7,7,6,7,17,24,20,32,36,26,30,21,13,10,25,47,23,10,19,15,14,2,30,13,8,33,43,19,12,51,20,17,3,22,10,46,22,18,32,24,28,42,47,25,12,22,27,12,12,45,31,71,56,17,4,20,47,18,9,37,62,188,29,8
SIMGENE0010,2,3,2,3,1,8,5,3,1,5,3,1,2,5,0,13,4,7,5,2,3,4,1,3,1,2,4,2,5,1,4,2,3,5,1,4,3,2,1,3,6,4,4,1,2,2,3,1,4,2,2,2,2,10,10,3,2,3,1,1,11,21,41,5,8,4,6,14,11,22,18,20,4,20,43,4,11,12,4,29,18,4,9,6,12,15,4,4,4,9,9,11,5,3,5,9,12,0,7,9,18,9,9,17,11,4,39,38,8,11,10,8,12,49,13,9,7,6,31,7
SIMGENE0011,0,0,1,1,0,0,1,0,0,0,2,0,1,1,1,2,1,1,0,1,1,0,1,0,0,0,2,0,0,1,0,1,1,0,0,1,1,1,0,1,0,1,0,1,0,1,1,2,2,1,2,1,0,2,1,1,0,3,0,1,0,5,4,1,5,2,1,3,3,0,5,3,1,2,4,4,0,2,2,1,1,3,1,2,1,0,0,2,1,3,2,2,1,1,2,2,2,2,0,2,4,7,2,1,3,2,10,1,5,5,2,3,4,2,2,4,1,4,4,2
SIMGENE0012,14,28,24,9,21,6,31,6,19,18,8,28,18,3,4,14,12,7,15,10,8,5,2,8,9,12,13,6,7,22,12,3,6,8,5,5,11,5,10,7,7,14,2,5,24,17,4,3,15,4,11,2,7,9,11,12,7,9,8,14,19,8,28,15,5,41,10,50,47,50,71,24,56,42,61,80,84,41,42,11,93,11,27,6,5,57,28,20,12,32,22,34,29,38,6,53,19,71,11,69,16,13,9,30,13,30,23,35,22,11,28,12,31,33,9,2,23,20,47,35
SIMGENE0013,2,4,5,7,5,11,2,5,4,1,4,3,3,2,6,0,3,2,3,1,2,5,2,6,5,1,5,1,6,1,8,2,8,4,2,6,3,0,2,7,3,5,5,2,3,3,2,3,4,1,5,3,1,3,7,11,1,1,0,1,11,9,22,11,9,11,4,7,12,7,2,4,16,6,16,1,6,16,0,4,2,12,6,15,15,5,1,3,5,9,18,7,7,10,5,11,10,34,7,5,5,5,8,8,12,7,6,4,3,4,10,5,1,3,4,8,12,8,3,4
SIMGENE0014,7,5,3,8,4,9,26,16,13,5,5,5,18,16,9,11,13,10,17,15,9,41,7,19,5,3,6,31,33,1,7,5,11,3,21,11,3,7,7,24,6,10,9,9,9,21,11,2,10,9,8,8,11,10,20,5,20,14,2,6,69,23,78,54,43,44,29,69,49,8,81,46,21,35,29,134,27,35,22,50,24,33,36,39,11,19,6,10,9,18,9,7,17,60,28,31,24,16,3,31,8,50,34,36,24,14,8,14,12,24,24,21,95,17,27,1,8,24,18,48
SIMGENE0015,1,0,1,1,3,1,1,1,1,0,3,0,0,1,2,1,2,1,2,1,0,0,0,1,0,0,0,0,1,0,1,1,1,0,1,1,0,0,0,0,2,1,2,2,1,1,1,1,1,1,1,0,1,1,1,1,0,1,1,2,3,4,4,1,1,2,1,1,1,4,3,4,0,1,3,1,1,0,5,1,5,2,6,2,4,2,2,4,6,1,4,7,3,1,4,0,5,1,1,2,4,1,8,1,6,0,7,5,3,3,1,3,5,5,9,2,4,1,4,1
SIMGENE0016,1,0,9,3,4,1,4,2,8,3,12,1,16,3,18,1,6,8,10,2,11,13,4,8,1,2,9,10,4,2,4,14,1,4,5,8,14,10,2,10,11,5,9,1,6,6,14,6,2,10,7,4,12,4,10,3,9,6,10,6,41,15,11,29,16,38,26,15,55,37,9,45,7,22,64,34,36,53,29,8,19,4,28,14,54,41,1,27,30,10,21,35,9,70,53,25,2,37,70,8,29,6,2,4,46,38,7,16,12,30,6,9,33,24,12,9,20,14,21,21
SIMGENE0017,1,4,2,3,6,1,5,0,0,11,1,2,4,5,3,8,2,5,1,2,4,5,6,2,1,6,2,2,4,4,3,1,3,0,3,4,3,1,7,2,4,4,0,3,3,9,3,1,10,2,3,8,3,1,7,1,1,1,17,6,2,4,8,9,11,3,22,13,6,5,4,5,4,2,6,12,8,5,12,7,12,15,39,3,17,24,6,21,13,11,16,0,11,4,5,15,11,17,3,9,5,10,14,8,10,21,8,25,9,6,7,3,14,7,22,10,19,5,12,6
SIMGENE0018,3,4,0,5,4,6,8,2,1,5,3,5,7,10,9,4,3,4,5,5,2,7,5,2,3,6,4,3,9,2,9,5,7,10,5,8,7,11,29,6,2,8,2,4,10,7,4,1,6,15,11,4,21,4,2,3,5,7,9,3,14,1,17,10,18,24,9,20,17,21,8,14,21,4,13,9,21,31,26,14,24,39,49,15,8,16,35,22,5,15,21,16,17,27,15,7,26,16,7,31,5,17,12,19,40,14,9,22,12,6,9,29,18,8,9,3,3,5,7,56
SIMGENE0019,6,2,3,0,1,5,2,4,2,3,3,3,2,2,6,3,1,0,1,6,3,7,4,0,6,3,2,1,2,1,8,2,1,3,2,2,3,5,2,6,2,1,4,1,1,1,2,7,2,3,2,1,4,4,1,0,2,2,1,2,7,3,9,2,7,8,21,6,5,13,15,25,9,7,3,15,13,6,6,9,7,15,4,6,5,22,5,29,9,8,7,16,7,4,6,10,4,15,9,6,2,1,3,3,5,7,3,13,3,1,6,1,14,1,8,8,7,3,1,5
SIMGENE0020,9,8,6,4,14,9,21,3,2,9,15,6,4,15,17,15,14,6,11,9,17,10,9,6,4,2,6,8,8,8,14,7,10,8,5,7,6,11,4,5,11,25,9,10,5,8,4,7,1,4,14,9,19,10,23,16,37,12,7,2,14,17,50,19,52,20,44,44,42,26,21,10,5,35,47,31,9,46,27,25,14,69,21,37,18,12,29,22,38,11,43,25,8,6,10,15,5,33,6,46,12,24,58,52,58,23,38,24,105,8,11,20,25,13,63,11,29,16,12,82
SIMGENE0021,6,15,2,4,6,5,18,3,13,4,1,5,2,12,4,5,7,4,19,3,4,4,4,18,4,5,5,2,9,3,9,10,2,7,3,17,8,4,7,4,5,6,5,9,4,4,1,9,6,2,2,4,3,4,8,12,5,3,2,4,1,1,0,1,1,1,1,1,2,1,1,2,1,3,2,2,2,1,1,1,0,4,3,2,3,2,2,1,1,3,2,2,3,5,1,1,1,1,2,1,4,4,2,3,1,5,0,5,10,1,5,1,2,3,1,2,2,6,3,4
SIMGENE0022,1,9,6,2,4,2,4,8,2,7,8,3,1,2,3,1,3,2,3,5,6,9,3,3,4,4,2,1,4,5,2,4,3,1,5,0,2,3,7,4,3,5,4,4,2,0,3,4,2,2,1,3,5,1,1,2,3,2,6,1,2,1,1,1,4,1,1,2,1,2,2,1,1,0,1,1,0,1,2,7,2,2,1,1,1,1,1,3,0,0,1,1,3,2,2,0,1,1,0,1,2,0,2,1,2,1,3,3,3,3,0,1,1,2,1,1,1,4,1,1
SIMGENE0023,17,3,8,1,7,10,6,4,4,8,11,14,6,8,19,1,12,12,10,3,8,12,10,13,3,3,8,8,15,16,1,10,7,9,11,14,11,8,3,2,4,6,10,9,3,6,3,17,7,4,7,4,11,8,1,11,3,11,4,1,5,5,3,1,1,4,1,6,1,1,0,3,1,3,1,0,1,2,1,1,5,1,12,1,0,2,4,4,5,7,3,2,2,3,1,1,1,2,8,2,2,1,3,2,2,4,0,2,5,3,0,2,1,5,1,3,2,2,2,4
SIMGENE0024,4,1,1,1,1,1,1,1,0,0,2,1,3,5,4,2,1,1,2,1,1,1,1,2,2,1,2,1,1,1,2,1,1,2,1,3,2,1,0,0,1,1,1,1,1,2,0,1,1,1,1,2,1,1,1,2,1,5,1,1,0,0,1,0,0,0,1,1,0,0,1,1,0,1,0,0,0,1,0,0,0,1,1,0,1,0,1,0,0,1,0,1,1,0,1,0,0,1,1,0,1,1,1,0,1,1,0,0,0,0,1,1,1,0,0,0,0,0,0,0
SIMGENE0025,18,41,27,20,7,36,14,5,20,21,3,10,15,8,13,0,5,2,29,16,17,38,4,23,11,5,15,2,8,2,10,15,14,20,13,9,22,8,3,9,7,19,2,24,8,33,5,16,8,6,5,8,7,26,5,48,3,5,1,12,8,3,7,2,3,4,1,1,3,2,2,4,3,5,3,8,7,3,1,2,5,2,7,2,4,2,5,5,5,13,5,5,2,3,1,2,5,2,2,1,1,0,3,4,5,5,3,1,2,4,11,3,1,1,1,6,3,1,2,3
SIMGENE0026,3,9,8,23,22,15,8,14,4,11,25,12,23,7,7,6,4,9,9,2,10,5,10,20,14,22,15,10,13,28,8,36,26,18,5,11,14,3,12,6,10,38,8,31,34,8,42,7,19,10,13,19,16,10,14,11,16,20,7,9,10,3,1,0,2,2,4,1,5,3,1,1,2,5,3,2,4,2,1,5,3,10,4,1,4,3,2,6,3,3,6,2,4,2,4,5,3,11,3,1,2,4,1,5,1,6,6,4,5,2,7,7,5,4,3,1,3,3,5,1
SIMGENE0027,9,22,6,4,8,5,2,1,4,5,20,3,10,6,5,4,5,4,15,0,5,10,23,7,5,5,5,13,5,2,5,13,5,18,15,3,6,2,11,3,4,13,6,18,2,3,6,1,4,7,2,7,11,6,0,5,0,1,12,4,1,3,2,0,2,1,8,6,0,9,2,2,1,1,3,1,1,1,2,1,1,3,1,5,5,6,2,4,3,4,5,8,3,9,4,1,3,13,4,2,4,6,0,6,9,2,3,3,8,12,2,8,3,2,11,2,3,4,5,3
SIMGENE0028,3,0,2,1,1,2,2,1,0,2,2,1,2,2,2,3,2,2,1,3,3,0,1,2,0,0,2,1,1,1,1,1,1,1,0,1,1,0,0,1,1,2,2,0,1,1,2,2,0,1,3,0,1,1,1,2,1,1,1,2,0,0,0,0,0,0,0,0,1,1,0,0,0,0,1,0,0,0,1,1,0,0,0,0,1,1,1,0,0,0,1,0,1,1,0,4,1,0,1,0,0,0,0,1,1,1,0,0,0,0,1,0,0,0,0,0,1,0,0,0
SIMGENE0029,2,0,1,3,1,1,0,1,1,2,0,3,2,1,1,1,1,0,3,2,2,1,3,0,0,2,1,4,2,2,4,2,1,1,1,0,0,1,2,1,3,1,1,2,2,1,1,0,0,0,0,1,1,0,1,1,0,1,0,0,1,1,1,0,0,1,0,1,0,0,1,0,1,1,0,0,1,3,0,1,0,0,0,0,0,0,0,0,0,0,0,0,0,0,1,0,0,0,1,0,1,1,1,1,1,0,0,1,0,1,0,1,1,0,0,1,0,0,1,0
SIMGENE0030,2,10,3,5,6,7,4,8,12,2,2,8,2,9,4,15,5,3,4,5,3,3,10,5,4,5,7,1,10,3,4,6,4,5,1,4,10,12,9,9,7,18,3,5,3,10,4,4,7,8,0,5,3,1,8,3,16,6,4,1,2,3,3,4,1,2,0,1,0,1,2,0,1,4,0,1,0,1,1,1,1,3,1,0,0,1,1,2,1,1,1,0,0,1,2,1,1,2,1,0,2,1,1,1,1,2,0,2,2,0,3,0,1,1,1,2,1,0,1,3
SIMGENE0031,1,1,1,6,2,2,4,3,10,5,7,2,3,3,2,2,1,4,5,2,2,2,2,4,1,1,3,5,2,8,2,9,5,1,9,2,5,1,1,4,2,2,0,1,3,6,9,6,2,6,2,4,2,4,5,3,2,2,3,2,1,1,2,2,3,1,2,0,3,1,1,1,0,1,1,0,0,1,0,2,1,4,1,2,1,3,1,1,4,1,1,1,3,0,1,2,2,0,2,0,1,0,3,1,1,1,3,3,2,4,0,1,2,0,2,3,1,1,3,4
SIMGENE0032,28,26,11,19,21,17,9,16,12,10,10,46,2,2,5,6,27,0,5,4,16,1,14,15,7,4,4,16,4,8,11,13,6,16,1,20,27,15,10,15,12,1,7,39,3,6,1,1,2,5,7,21,7,5,8,5,3,8,10,2,2,5,4,1,3,3,3,2,2,1,1,3,7,5,4,1,6,2,1,4,8,3,1,7,1,1,5,0,4,4,2,2,4,1,2,3,3,2,5,3,0,2,4,6,2,6,2,8,4,2,2,1,5,7,1,7,4,1,7,8
SIMGENE0033,1,2,2,1,1,0,2,3,2,5,4,2,3,2,3,3,3,4,2,8,4,8,1,3,20,3,7,1,6,5,4,3,3,10,3,12,4,8,8,9,15,3,8,3,6,2,5,6,6,6,9,4,4,8,8,2,20,1,1,1,2,3,2,1,3,5,3,1,2,0,1,1,2,0,3,2,1,7,2,1,2,1,0,1,3,1,3,2,2,3,4,1,2,4,1,2,2,1,1,2,3,1,0,0,0,3,1,2,3,1,1,1,1,1,1,1,2,1,1,2
SIMGENE0034,1,0,1,1,1,1,1,0,1,3,0,1,7,1,1,2,2,4,0,1,4,2,3,4,4,5,3,2,8,4,1,4,1,4,5,2,5,1,1,3,0,1,0,0,1,1,2,2,1,2,1,1,3,2,3,5,4,3,1,1,0,1,0,0,1,1,0,0,0,1,1,1,0,2,0,1,1,1,1,1,0,3,1,2,0,2,0,2,0,1,0,4,1,2,0,1,1,0,2,1,1,0,0,0,2,0,1,1,1,1,1,2,0,0,1,1,0,1,1,1
SIMGENE0035,15,4,1,4,7,7,4,11,7,18,4,5,6,2,10,6,11,12,8,10,4,21,6,7,3,4,3,6,3,13,5,3,3,8,8,3,9,3,17,2,5,16,2,5,3,15,2,2,7,3,5,6,8,6,1,6,2,3,4,7,5,2,1,5,1,5,2,5,6,7,2,2,2,3,3,1,2,1,2,1,2,0,1,3,2,0,2,1,0,2,2,5,3,2,3,2,1,5,2,4,0,5,1,3,2,2,1,1,2,4,1,2,1,0,2,0,1,2,0,3
SIMGENE0036,3,3,3,2,1,0,6,1,1,2,2,2,6,1,2,3,1,0,2,1,3,4,5,7,2,6,1,4,1,3,4,1,1,5,5,4,1,3,2,3,1,1,3,3,2,2,3,3,1,2,4,0,1,2,3,4,5,1,2,1,0,0,0,0,1,1,0,0,1,2,2,1,1,1,1,0,0,0,0,0,1,0,1,0,1,1,0,1,2,0,2,1,2,1,1,0,3,0,1,0,0,1,2,0,1,1,1,1,1,1,1,0,1,0,1,0,1,0,1,0
SIMGENE0037,3,2,1,1,4,6,2,1,2,1,0,3,2,2,0,2,0,3,2,1,3,6,0,1,5,2,1,2,3,3,2,1,1,2,1,5,1,3,7,1,1,1,2,0,2,3,0,3,1,1,1,1,1,3,2,1,1,1,2,1,1,0,0,2,1,3,1,0,1,1,1,2,0,1,0,4,2,0,0,0,0,1,0,1,0,1,0,0,1,0,1,0,1,1,1,0,1,0,1,0,2,0,2,0,0,0,0,1,1,1,1,0,0,0,1,1,1,0,1,1
SIMGENE0038,1,4,2,1,9,5,0,5,0,3,5,6,2,1,1,4,4,3,3,1,2,4,3,1,6,1,2,2,3,2,1,6,4,5,5,2,5,4,1,6,6,7,5,2,7,6,7,3,8,4,1,3,4,6,2,8,9,3,1,12,1,1,1,1,1,1,2,1,1,1,1,1,2,2,1,0,1,1,0,2,1,1,1,1,0,1,0,1,0,1,0,1,0,3,1,1,0,0,0,0,0,0,3,1,3,1,1,1,1,0,3,1,3,1,0,1,1,2,0,2
SIMGENE0039,5,13,13,5,11,7,1,6,11,16,6,8,7,15,2,1,2,7,14,2,19,15,11,5,18,6,32,17,8,19,30,4,14,3,13,6,3,3,9,5,1,5,15,10,4,8,9,14,4,10,14,9,10,3,1,5,7,1,10,32,5,4,2,4,6,1,4,2,8,1,1,5,1,3,1,2,8,1,2,10,2,2,2,2,5,4,2,0,1,1,2,7,1,5,5,2,1,1,1,1,2,4,3,4,1,12,1,5,2,6,1,2,7,3,0,4,2,2,3,2
SIMGENE0040,5,8,1,14,3,3,7,1,13,1,1,10,1,2,5,2,4,9,4,4,6,8,19,13,6,15,3,8,9,3,20,4,10,5,15,27,1,11,5,2,8,6,10,0,3,4,8,3,2,2,2,6,6,3,7,14,2,2,10,12,1,11,6,4,2,4,1,7,1,1,7,2,6,2,1,0,10,4,2,3,1,1,3,2,8,2,2,0,2,2,2,0,1,1,2,0,0,4,0,1,1,0,4,4,2,2,1,2,1,0,4,1,2,0,1,1,1,4,2,1
SIMGENE0041,15,14,14,6,5,2,9,3,12,13,4,5,9,6,5,2,12,18,5,4,9,31,44,5,4,7,31,11,18,15,4,3,22,7,10,26,8,2,8,3,30,29,9,16,2,30,24,21,11,7,13,7,7,7,64,8,34,11,18,11,12,16,4,8,18,28,16,20,6,9,17,18,6,6,11,24,22,8,6,16,3,9,9,4,9,4,7,17,3,3,3,6,6,22,7,6,2,7,10,10,14,5,1,23,2,5,2,7,9,10,8,10,6,8,9,8,1,4,14,3
SIMGENE0042,11,14,6,2,2,4,6,9,4,7,8,11,7,13,14,13,0,15,7,22,7,3,6,7,6,7,9,28,36,12,4,10,26,6,2,9,16,4,19,4,11,14,8,17,9,23,22,10,11,8,14,36,10,53,14,37,34,37,4,38,13,5,10,9,2,10,7,6,13,12,1,11,6,1,15,3,3,6,11,3,2,6,7,9,13,7,11,15,11,4,12,12,4,19,0,7,5,9,22,4,13,13,3,23,6,5,3,4,5,14,1,11,13,4,5,16,1,16,4,3
SIMGENE0043,5,6,6,2,5,8,10,4,10,12,7,11,7,9,9,6,2,5,6,6,7,7,22,5,16,8,4,9,2,18,14,6,1,5,10,5,14,18,22,10,1,3,7,4,7,4,5,13,2,2,4,1,9,4,11,1,8,1,3,4,2,26,19,17,5,10,23,2,4,13,6,12,7,22,12,1,4,5,13,15,8,6,9,7,7,4,12,4,5,3,10,12,7,11,5,0,7,4,3,3,2,7,9,2,13,18,9,5,7,3,11,4,3,16,9,2,2,3,5,4
SIMGENE0044,2,9,11,4,3,6,3,2,6,13,16,9,7,8,5,3,8,4,25,5,13,3,6,3,3,5,4,2,4,7,0,3,7,12,1,9,9,14,8,18,15,15,3,13,8,4,2,15,10,6,1,6,27,0,7,23,7,12,7,6,6,4,3,4,7,3,7,4,4,4,17,2,4,17,7,5,13,11,13,4,14,10,3,9,9,6,13,2,1,8,6,8,11,6,4,6,20,7,3,8,5,6,2,15,5,10,3,3,12,7,1,4,4,5,5,11,2,2,1,1
SIMGENE0045,6,11,7,2,9,7,15,5,5,2,5,10,2,3,8,10,8,6,5,4,5,6,4,4,1,11,14,1,14,21,7,2,8,6,12,1,2,0,13,6,2,5,8,6,2,5,5,4,12,6,4,3,12,5,8,3,3,3,2,8,1,6,11,1,11,2,6,4,1,9,6,11,8,10,4,5,7,3,8,1,5,1,2,3,1,3,1,8,6,1,2,2,2,3,4,1,5,5,0,4,0,6,1,2,3,1,11,4,2,2,7,6,19,14,9,10,7,14,12,10
SIMGENE0046,9,0,9,3,11,5,4,4,5,14,3,6,1,1,24,6,3,9,0,3,11,1,9,31,12,11,12,22,10,7,3,11,3,27,8,10,12,15,4,13,18,1,3,2,19,3,3,3,2,3,1,3,6,7,3,7,3,7,4,1,7,12,20,7,15,4,1,9,15,7,9,16,5,9,7,13,27,19,6,10,8,8,11,9,17,16,24,3,4,11,9,5,9,5,4,8,5,4,3,12,9,18,23,23,6,4,7,31,3,17,9,18,27,5,6,5,5,2,5,16
SIMGENE0047,10,15,2,9,4,6,9,5,15,2,5,5,4,13,12,10,16,27,8,5,1,1,6,2,2,7,5,8,5,5,1,1,1,2,6,4,3,7,2,2,26,2,6,5,6,11,12,3,8,8,2,2,4,14,9,2,2,2,2,5,19,9,4,13,3,6,13,11,5,4,8,5,5,8,7,13,9,6,3,6,9,4,15,7,5,4,3,1,9,2,4,6,12,5,2,5,1,7,23,9,8,7,13,12,6,4,3,5,4,8,3,11,23,7,7,13,2,5,7,5
SIMGENE0048,5,3,2,13,4,8,7,2,10,3,10,8,0,5,2,11,15,4,4,5,3,4,7,2,11,18,2,19,16,8,5,9,9,1,13,2,7,4,3,5,8,13,24,6,8,12,3,8,4,4,12,6,8,2,3,7,13,2,8,9,4,3,9,2,4,11,2,2,5,3,5,11,12,2,2,5,5,13,4,3,3,1,6,11,1,6,2,1,4,7,1,5,7,8,1,3,5,14,10,8,6,3,5,2,29,3,5,4,21,3,9,3,7,11,3,8,11,6,5,14
SIMGENE0049,9,9,16,3,9,2,10,2,12,8,6,11,1,4,12,8,4,18,2,7,3,8,1,7,8,6,1,1,6,4,6,2,2,5,6,24,19,13,9,7,1,8,14,1,10,5,11,7,12,2,5,15,0,4,9,3,13,1,7,2,4,1,6,2,4,14,1,9,9,2,4,9,2,4,3,5,2,7,3,6,7,12,2,9,2,2,2,3,5,1,2,6,5,9,3,0,4,7,13,15,4,6,10,5,2,3,1,8,1,7,3,1,2,5,11,7,7,4,4,6
SIMGENE0050,4,8,8,4,5,33,11,4,11,11,5,14,13,2,4,5,1,14,3,4,3,9,12,12,14,9,6,1,6,5,9,10,19,33,1,8,2,6,11,1,12,5,5,8,3,15,4,9,29,10,6,17,3,6,6,13,6,24,11,1,9,14,6,5,11,1,20,7,20,17,3,3,6,13,11,22,9,6,15,1,6,7,32,11,31,2,8,12,6,13,6,6,12,4,26,6,8,6,10,23,14,13,12,8,4,9,50,2,14,7,13,32,31,21,19,20,19,1,6,35
SIMGENE0051,6,4,7,10,3,6,2,6,11,13,4,13,17,3,12,10,9,3,8,2,3,1,0,2,7,11,3,6,3,5,5,4,3,12,8,1,5,4,5,2,3,1,6,7,2,4,16,3,1,11,6,4,6,5,2,6,14,12,3,9,4,2,6,7,10,7,4,1,2,1,2,1,10,7,1,5,1,3,3,2,17,3,2,5,5,5,3,4,3,2,2,2,4,1,3,7,9,6,2,2,7,4,6,6,3,1,4,3,4,14,3,4,9,7,1,5,3,5,2,2
SIMGENE0052,2,4,5,5,9,1,2,2,4,1,6,5,6,4,4,4,5,1,4,2,5,8,4,4,3,2,7,3,4,3,3,9,4,1,4,5,10,4,1,5,2,2,4,4,8,6,1,2,2,11,4,1,3,9,3,6,6,8,13,3,5,5,2,2,1,8,6,1,1,1,2,5,10,1,11,6,2,7,6,6,1,4,3,1,2,1,3,16,1,9,1,1,3,2,5,2,2,2,6,3,1,2,5,12,5,10,5,2,0,4,1,5,5,3,2,9,5,2,5,4
SIMGENE0053,16,3,22,3,11,7,1,2,0,9,2,9,1,11,5,10,13,3,3,5,7,6,3,2,4,7,5,5,5,3,4,6,8,3,14,4,6,6,3,17,1,15,3,13,7,3,19,19,8,33,7,5,2,6,6,13,4,11,4,1,1,10,4,5,10,3,3,18,3,9,3,1,3,2,1,3,1,2,5,5,11,3,1,3,2,8,8,2,7,2,9,7,7,4,5,7,2,1,3,3,3,4,7,9,8,14,3,37,4,1,24,5,9,4,1,8,5,10,8,5
SIMGENE0054,2,1,1,1,1,1,1,1,0,1,2,0,1,1,0,1,0,1,1,1,1,1,1,1,1,0,0,3,2,1,0,0,3,1,2,1,1,1,1,1,2,3,1,1,2,1,2,1,3,1,1,2,1,1,1,1,2,3,2,3,4,3,1,1,4,0,2,1,1,7,6,4,1,0,3,1,3,3,2,5,5,0,1,3,2,3,2,1,1,1,1,0,4,3,4,1,2,0,1,1,2,2,1,2,1,0,2,0,2,1,1,1,3,0,3,1,1,1,1,2
SIMGENE0055,1,2,1,4,6,5,3,1,4,3,1,2,2,2,4,1,8,1,1,2,1,3,4,2,2,2,1,10,4,2,5,2,4,1,3,6,3,5,5,3,1,1,3,4,3,2,2,4,4,2,1,1,2,6,3,1,2,2,1,2,3,2,5,4,1,2,3,3,1,2,2,1,1,5,2,2,4,3,6,2,4,5,4,1,4,5,2,3,6,2,7,1,3,2,1,3,2,5,1,2,4,3,2,2,7,2,1,4,5,3,2,4,2,3,4,1,0,4,1,6
SIMGENE0056,1,12,14,2,6,2,5,9,7,6,1,3,1,2,2,3,10,8,2,3,2,3,1,6,4,6,9,4,19,2,6,2,8,1,7,6,5,3,2,7,2,3,4,12,8,2,3,7,1,7,8,8,3,2,1,5,6,1,11,9,4,7,4,12,11,3,2,6,5,9,2,5,1,6,6,6,6,6,1,2,3,17,2,3,3,16,10,9,6,11,23,4,5,17,0,11,3,5,3,3,6,5,5,1,2,9,1,2,5,5,12,8,6,4,1,11,2,9,2,3
SIMGENE0057,11,8,3,28,17,4,9,23,3,2,19,8,2,14,7,21,40,19,19,3,11,12,14,26,19,21,3,7,1,3,9,4,8,7,7,7,17,17,5,18,11,1,3,8,9,4,13,5,15,9,14,7,4,4,4,8,3,31,10,21,5,6,13,10,7,1,8,8,3,13,9,3,7,4,11,8,6,4,3,2,14,3,13,13,6,5,8,3,8,9,9,2,12,6,9,8,8,5,8,11,22,9,17,10,9,10,7,3,7,7,9,7,10,14,16,2,3,5,7,6
SIMGENE0058,1,18,2,3,3,15,3,14,7,1,9,3,11,17,12,24,1,29,9,8,6,8,11,6,6,2,2,12,4,8,3,8,6,2,2,18,2,2,3,14,1,4,13,9,5,3,9,6,12,2,3,12,0,6,18,21,8,7,1,6,15,4,3,5,20,3,9,5,5,7,3,7,15,5,3,14,6,15,4,7,5,15,6,7,10,10,4,5,9,11,22,10,9,8,12,10,9,15,6,6,1,10,5,5,6,10,3,3,7,3,5,3,16,13,7,9,6,4,18,2
SIMGENE0059,1,1,1,1,1,1,1,0,0,0,1,1,1,0,0,2,0,0,0,2,1,1,2,3,1,0,1,1,4,2,1,1,1,1,0,1,1,1,1,1,1,1,1,1,1,2,1,1,1,0,0,1,0,0,0,0,0,1,1,0,1,0,0,0,0,1,1,0,0,1,0,2,1,1,1,1,1,1,1,1,1,0,2,0,1,1,2,1,0,1,0,2,1,3,2,0,1,1,2,1,0,1,1,1,0,4,0,0,1,1,2,2,2,1,1,1,1,1,1,1
SIMGENE0060,14,40,19,9,4,10,5,6,4,7,2,8,20,13,12,10,8,5,18,12,3,10,2,11,6,5,2,3,17,4,4,7,19,7,1,4,6,3,26,2,14,8,17,6,3,10,6,6,18,15,30,5,18,8,5,21,3,7,5,4,5,6,7,0,11,8,4,1,5,4,4,1,12,2,6,13,1,13,12,3,20,12,10,4,5,4,10,6,9,7,5,31,6,5,19,6,3,5,4,1,10,26,23,7,7,13,12,24,7,2,25,10,3,7,19,26,5,14,4,16
SIMGENE0061,1,8,4,5,10,7,2,3,1,1,4,2,7,5,3,4,5,2,5,4,11,1,12,3,6,1,9,7,1,11,6,3,19,11,6,19,6,13,11,10,7,2,11,3,3,3,13,2,1,7,21,3,5,7,3,4,7,2,5,5,4,14,4,3,5,4,2,7,8,2,3,7,6,22,2,8,15,2,13,4,6,3,7,7,7,6,9,18,28,3,8,1,6,4,8,1,3,9,2,3,7,2,3,2,2,2,9,7,7,14,9,10,12,11,1,3,11,3,3,9
SIMGENE0062,2,1,3,2,2,2,4,5,7,3,2,9,10,7,1,10,9,4,7,2,3,7,4,1,2,2,3,3,4,2,5,2,2,1,2,1,2,4,5,1,3,7,2,4,1,4,0,1,2,6,6,3,3,2,1,1,1,3,4,1,0,4,5,3,6,3,1,1,2,3,1,1,1,6,3,0,1,2,3,4,3,3,3,1,1,0,1,1,2,1,1,3,1,3,2,7,1,0,4,2,1,2,2,5,2,3,4,3,14,3,1,7,4,8,1,3,9,2,2,4
SIMGENE0063,3,0,2,1,2,0,3,0,1,1,1,3,3,2,1,3,0,4,1,2,1,0,3,3,2,2,5,1,0,0,2,1,2,2,1,2,1,4,4,4,2,2,2,0,1,2,1,3,4,0,1,1,10,3,1,4,2,2,1,1,0,2,3,2,5,2,4,1,0,2,1,2,0,3,1,4,1,1,0,2,5,1,1,7,0,1,4,7,4,4,3,1,3,2,1,2,6,6,1,3,1,2,1,7,2,3,4,4,5,3,1,2,1,1,0,5,2,3,3,10
SIMGENE0064,8,11,18,3,10,17,7,12,1,8,5,2,2,2,14,6,4,11,9,19,19,6,5,5,45,13,18,3,10,3,9,1,15,3,10,3,9,20,5,1,7,5,10,22,17,2,2,5,19,15,5,7,2,10,2,12,4,8,3,12,26,9,12,7,22,3,14,1,6,10,12,2,2,23,5,2,8,5,12,6,3,8,4,16,20,17,25,5,36,15,2,13,6,9,11,4,8,11,26,18,18,10,16,9,10,5,11,17,4,25,14,1,7,20,21,9,10,8,16,4
SIMGENE0065,11,34,23,12,3,8,7,22,7,5,11,6,8,12,9,10,15,18,2,6,5,1,10,10,8,12,13,10,3,9,19,4,6,10,3,15,6,5,6,10,11,3,13,13,14,7,1,1,2,13,18,9,6,12,7,10,13,11,12,23,9,9,9,41,10,4,10,12,1,12,3,2,7,11,1,1,3,5,9,11,11,7,11,14,4,7,10,4,4,5,11,5,4,8,8,3,4,4,10,8,19,40,9,2,13,17,3,11,7,6,10,12,2,5,16,16,13,11,37,38
SIMGENE0066,9,2,5,18,21,6,14,8,8,7,6,17,20,13,10,5,18,7,10,1,8,6,6,12,6,7,14,8,3,2,4,5,4,5,7,8,11,2,6,10,16,12,9,2,5,2,5,0,1,9,1,5,2,6,23,9,10,10,6,9,6,5,8,10,4,2,10,2,8,12,9,1,6,8,12,13,13,6,3,1,23,6,5,5,4,3,4,9,3,6,4,9,10,2,8,5,17,6,2,1,4,2,8,4,14,2,8,3,2,8,10,4,6,5,10,3,1,6,8,6
SIMGENE0067,1,2,3,9,9,4,6,8,10,2,3,1,4,1,2,3,3,4,7,3,8,4,3,16,8,1,2,1,3,3,2,8,3,5,7,4,3,2,7,4,2,3,14,18,5,4,5,4,6,8,1,10,8,9,7,3,1,3,1,2,9,7,13,5,2,1,5,10,8,7,4,2,2,8,21,7,5,6,9,3,1,5,4,2,4,15,5,1,5,5,6,3,2,9,6,6,2,8,3,6,9,1,4,3,4,1,3,7,3,2,6,12,2,4,1,4,11,3,13,2
SIMGENE0068,3,6,5,3,8,3,5,3,2,12,2,8,3,0,1,0,0,5,3,2,3,2,7,4,8,4,6,5,3,8,3,4,3,2,5,1,1,2,4,1,6,11,1,7,14,3,3,1,7,4,6,7,4,2,4,9,2,6,6,20,1,3,10,2,1,8,2,6,9,3,8,10,4,6,2,4,0,3,5,10,2,4,4,13,3,9,7,5,5,8,3,4,4,2,1,2,4,1,4,8,6,11,10,6,3,3,10,2,3,1,2,6,4,1,3,7,6,4,2,5
SIMGENE0069,12,12,11,7,21,9,4,8,15,9,23,11,7,8,3,8,22,15,3,11,13,14,14,7,4,13,16,46,12,3,5,18,10,6,16,7,18,21,3,8,9,4,11,2,1,10,4,10,2,5,5,12,13,10,11,5,2,13,5,10,14,12,21,12,4,20,19,7,23,3,0,15,7,12,23,8,5,7,4,8,6,15,4,8,8,14,16,22,6,11,17,10,13,19,11,12,6,13,8,2,9,12,21,4,17,12,4,6,16,1,38,7,1,5,3,11,2,6,33,12
SIMGENE0070,9,4,30,7,22,19,35,29,2,23,3,14,1,23,10,2,14,17,10,21,16,6,8,16,15,6,24,45,4,12,10,21,12,5,6,9,5,7,3,6,7,28,9,13,21,16,16,5,5,7,33,2,13,6,6,6,11,9,41,16,14,1,11,4,5,6,22,14,9,10,17,5,10,6,6,3,8,3,10,2,31,26,58,13,10,14,18,8,6,2,8,11,5,9,7,13,9,17,18,7,21,19,31,5,19,8,12,12,4,4,7,16,3,3,8,7,5,45,8,12
SIMGENE0071,7,2,4,10,7,3,2,4,5,14,10,1,1,9,13,3,1,4,4,3,6,6,8,6,7,10,3,2,1,2,6,3,3,7,5,6,1,3,4,4,8,13,4,5,13,16,11,16,4,9,16,9,23,5,14,8,1,21,14,7,6,21,5,9,2,5,9,7,8,5,3,7,7,3,27,9,18,15,5,3,3,8,5,16,6,9,4,22,7,5,4,4,1,11,6,1,4,5,9,8,2,5,11,12,2,2,4,10,3,3,5,9,1,1,10,7,3,2,3,8
SIMGENE0072,4,9,4,8,11,8,13,12,7,3,9,7,7,20,13,6,8,6,2,9,5,6,9,6,24,18,3,3,12,5,2,17,2,9,7,2,17,5,13,4,7,6,1,23,5,17,6,6,10,7,7,9,9,19,31,16,5,24,15,5,8,25,6,8,9,57,20,10,7,15,7,13,3,16,11,5,19,9,12,2,11,14,13,7,3,11,26,4,8,18,11,23,19,19,28,24,10,16,6,12,6,27,9,7,15,5,1,3,19,6,24,8,11,20,10,8,5,3,9,15
SIMGENE0073,8,1,24,8,11,7,8,7,4,10,24,2,15,7,15,9,9,6,5,15,4,7,4,3,9,8,11,10,3,5,3,6,3,2,22,5,7,7,2,7,7,10,19,8,33,6,38,25,17,17,2,3,2,16,7,12,7,19,7,0,23,8,10,10,4,9,6,6,11,2,5,11,4,13,8,24,5,9,6,15,4,3,19,12,10,7,21,4,3,5,2,15,11,16,7,1,11,12,9,5,8,11,1,7,8,10,14,3,9,5,9,6,6,13,16,10,9,10,1,5
SIMGENE0074,17,15,1,4,10,9,5,3,6,11,4,3,20,4,3,5,9,11,4,2,6,2,2,2,7,2,10,3,3,4,5,6,2,12,9,3,2,3,13,10,9,15,3,7,3,13,2,3,2,1,10,2,2,10,3,6,16,1,1,1,23,4,0,21,7,22,14,2,21,5,10,8,12,7,11,10,7,6,3,7,6,2,14,8,11,10,2,4,8,14,14,2,4,2,21,0,17,9,4,1,15,2,8,13,8,4,5,7,3,1,16,9,18,3,1,10,6,4,5,11
SIMGENE0075,3,1,2,2,2,5,1,2,3,2,8,1,2,3,1,2,1,0,3,1,3,1,1,2,0,2,4,3,0,1,2,0,1,1,1,2,1,5,1,1,1,4,1,2,1,2,2,2,1,1,0,1,2,1,6,2,3,1,2,1,8,3,8,1,3,4,7,4,5,1,2,5,2,2,1,4,3,5,7,1,4,1,3,2,1,1,1,2,1,3,3,2,2,1,1,0,1,2,2,2,1,1,1,2,4,1,2,1,1,1,4,2,2,0,3,5,1,1,1,0
SIMGENE0076,3,1,5,4,1,5,1,2,1,0,2,1,1,1,1,3,1,1,0,2,1,1,3,2,2,2,5,0,4,1,2,3,1,1,1,7,3,1,4,3,1,1,1,1,4,4,2,3,1,1,1,1,1,2,3,1,3,1,1,2,2,0,0,3,1,3,0,3,3,2,3,1,3,2,2,6,1,1,1,8,5,2,1,1,1,1,2,1,2,1,1,1,1,3,1,1,1,2,3,0,6,2,2,3,4,1,1,2,1,3,1,1,6,4,4,1,3,2,1,2
SIMGENE0077,7,11,9,5,2,3,0,4,0,7,5,2,3,3,11,3,1,19,2,4,2,5,4,6,11,4,3,10,3,4,2,7,7,1,2,1,7,5,1,1,2,0,1,4,3,4,4,4,4,3,1,4,8,2,1,3,5,8,4,13,2,5,2,2,3,4,2,3,11,1,2,4,1,5,3,3,3,1,0,4,3,7,7,3,3,1,1,2,3,6,1,2,5,1,1,4,4,0,4,4,2,1,2,4,2,2,1,4,6,7,1,0,1,2,1,9,1,3,3,7
SIMGENE0078,7,9,8,1,3,9,16,5,6,2,5,14,4,10,5,6,9,2,6,21,4,9,13,3,6,1,5,12,6,9,1,3,11,6,8,21,4,2,3,4,5,1,26,4,10,3,3,3,8,6,11,6,5,7,23,7,3,10,13,10,2,6,7,6,3,17,9,9,5,6,12,2,5,5,8,14,6,12,6,25,4,6,5,11,6,11,6,17,15,9,24,11,5,7,9,11,3,12,12,7,0,2,8,8,1,3,2,11,7,1,7,13,4,6,2,1,1,4,10,2
SIMGENE0079,4,2,5,3,10,4,5,21,14,1,6,9,5,9,3,7,5,7,9,9,8,7,45,38,6,24,14,23,12,12,3,7,10,25,4,4,12,7,25,8,4,9,5,9,15,15,4,16,4,3,17,15,7,19,10,7,3,19,5,5,6,1,6,6,8,11,12,7,8,4,11,10,1,10,2,11,9,16,3,11,6,5,2,5,8,16,10,5,5,2,13,11,2,1,3,5,12,2,6,22,5,7,11,4,14,16,14,18,28,8,8,15,8,1,3,5,14,12,10,3
SIMGENE0080,3,3,0,4,0,2,2,4,2,2,1,1,1,2,2,0,3,3,3,1,2,1,5,1,3,4,11,5,2,3,1,1,2,2,1,3,3,0,4,1,5,4,5,6,2,10,1,6,6,5,2,2,1,10,5,8,8,5,1,10,3,5,1,2,1,6,5,1,1,5,4,3,2,3,4,2,2,2,1,5,3,1,1,2,5,2,5,1,1,3,5,3,2,4,3,3,2,1,0,2,3,8,11,1,2,4,5,2,1,4,2,3,4,2,3,5,5,8,7,12
SIMGENE0081,3,10,3,1,3,9,4,8,5,13,1,4,7,8,14,7,2,1,10,5,8,10,8,15,9,13,20,2,6,8,24,16,8,8,3,10,5,23,16,14,20,19,25,29,21,18,7,28,4,9,7,4,7,3,2,10,7,8,13,18,13,13,26,3,4,11,17,17,34,7,6,8,16,5,17,11,14,9,2,5,12,8,1,19,6,2,2,1,8,6,10,5,8,9,6,4,5,10,7,3,4,13,12,14,11,9,3,8,8,11,23,15,15,3,14,7,2,12,8,3
SIMGENE0082,1,5,12,6,8,5,7,5,7,19,10,3,6,4,3,3,6,1,4,1,6,2,1,4,3,4,6,2,1,1,10,2,1,11,1,7,3,10,3,8,3,11,5,10,4,9,39,6,4,4,6,16,4,9,12,21,4,7,4,8,6,5,4,4,14,9,6,17,5,1,5,1,3,2,4,5,11,2,14,8,10,2,6,6,2,5,5,5,4,1,3,6,10,15,5,0,7,3,3,3,4,5,11,11,5,0,4,11,8,6,7,3,3,22,7,10,5,9,8,3
SIMGENE0083,5,1,3,6,7,2,9,2,1,12,2,11,8,2,4,3,2,3,5,4,7,5,7,4,5,2,1,8,8,6,5,6,3,5,8,4,10,6,2,12,4,11,2,6,5,4,2,2,3,4,4,3,14,7,3,9,6,9,4,3,7,3,1,1,4,9,3,3,1,5,3,3,7,4,10,5,13,2,2,12,12,9,18,17,13,7,1,8,30,14,2,4,1,10,5,14,1,3,4,7,8,2,4,6,1,2,3,4,8,6,4,7,2,5,3,7,5,2,6,10
SIMGENE0084,1,1,1,4,1,5,3,4,0,3,2,1,1,5,2,1,4,6,11,3,6,4,3,8,6,2,3,10,8,4,18,6,4,3,4,5,3,4,7,9,4,5,6,3,8,2,3,3,7,6,7,16,4,2,1,5,0,5,9,11,3,1,2,6,5,4,10,4,4,2,10,4,5,4,1,1,1,5,5,15,2,3,0,3,4,1,8,1,2,12,9,3,3,1,9,5,3,2,10,7,4,5,14,4,1,4,4,2,6,2,1,2,3,3,5,1,5,3,6,2
SIMGENE0085,7,11,11,14,7,9,10,20,1,6,8,9,25,17,17,14,3,2,22,8,1,6,5,23,20,2,7,5,2,2,8,10,11,3,10,12,2,2,13,9,2,5,5,2,2,7,1,6,1,12,7,7,12,2,1,5,7,6,9,1,26,5,8,8,3,13,14,5,2,12,5,14,17,3,10,7,16,8,13,3,8,11,20,5,1,7,14,2,3,11,7,19,3,0,7,3,13,3,4,8,8,9,2,3,5,2,9,1,1,0,6,2,3,4,3,2,8,4,3,2
SIMGENE0086,26,18,16,23,17,30,6,6,3,4,10,5,28,14,8,7,13,8,3,20,12,28,12,33,24,13,20,11,10,37,41,3,44,11,13,22,5,10,14,11,14,6,3,5,8,21,18,4,1,2,11,8,3,29,5,10,10,12,5,4,6,9,8,10,4,6,6,13,12,20,12,4,3,3,15,12,6,16,7,4,2,29,22,13,14,16,11,30,9,1,1,4,4,19,16,4,14,11,7,4,11,3,6,18,10,8,10,15,40,20,21,15,7,15,9,25,7,5,5,1
SIMGENE0087,3,0,3,11,15,1,0,3,1,4,17,5,1,3,3,9,2,1,4,5,8,1,6,6,7,4,2,13,3,4,4,9,6,6,6,1,2,13,6,10,1,0,5,4,11,8,5,4,3,1,5,3,4,7,0,2,5,5,8,8,5,10,6,4,8,1,4,10,3,6,4,9,20,5,12,8,4,1,1,7,6,3,1,16,2,2,6,3,3,6,8,8,4,11,5,20,6,0,13,3,8,10,2,3,3,2,5,1,3,15,0,5,1,14,3,5,5,2,7,3
SIMGENE0088,7,0,5,6,3,4,5,1,0,9,12,8,3,11,3,5,7,15,5,6,3,3,6,5,6,7,2,6,4,6,22,8,4,4,10,10,3,8,9,24,15,6,4,12,17,4,6,6,3,12,12,6,5,17,7,13,14,5,10,11,4,5,2,5,9,5,5,18,1,1,1,2,5,4,8,12,2,8,11,5,13,6,24,4,5,12,2,7,6,7,3,1,6,5,7,2,5,3,6,4,5,4,4,14,6,4,5,5,16,20,7,4,8,7,1,5,16,11,6,9
SIMGENE0089,14,2,15,8,4,12,4,6,1,9,15,2,11,9,6,4,12,10,3,2,15,20,7,4,11,13,3,21,12,7,47,23,1,3,9,13,12,40,15,12,10,10,6,3,3,4,7,19,6,3,7,7,7,12,14,7,2,8,6,5,1,5,11,3,7,12,2,5,9,4,4,20,1,6,7,3,6,8,24,6,11,5,19,2,3,12,5,8,17,3,9,32,12,6,7,8,15,2,7,10,5,9,5,5,1,9,6,1,12,15,20,10,6,12,4,13,1,4,1,8
SIMGENE0090,22,18,6,4,2,8,22,17,1,11,6,19,19,18,12,10,44,17,5,28,3,11,7,5,5,10,3,12,37,4,8,17,6,8,18,10,5,5,14,9,5,9,11,23,4,2,10,8,5,4,4,21,3,28,13,5,15,5,4,3,42,8,6,16,8,12,10,1,12,8,8,4,6,20,9,4,2,4,4,11,25,8,5,5,5,15,12,8,20,13,23,17,8,7,44,16,12,13,3,4,8,11,2,17,8,2,5,26,11,12,15,32,4,26,11,23,5,11,21,13
SIMGENE0091,21,7,8,9,4,4,7,2,3,4,7,3,4,0,6,4,2,2,4,10,6,12,16,10,4,3,7,4,2,8,7,3,3,5,2,13,6,3,5,15,12,1,7,7,3,1,9,0,3,12,3,10,6,9,5,6,12,4,4,14,18,2,7,6,3,6,10,3,14,12,24,7,5,10,6,4,21,11,2,2,4,1,3,8,2,5,1,8,7,7,4,4,9,6,9,1,6,6,5,2,8,3,13,22,7,3,7,9,12,3,6,10,3,6,4,3,11,2,7,6
SIMGENE0092,15,4,2,1,1,6,4,2,4,7,4,12,5,2,2,5,4,4,10,5,5,2,2,5,14,2,4,4,4,0,3,4,5,5,8,3,1,13,7,9,7,10,3,1,5,2,3,11,1,7,3,13,8,14,12,3,4,8,6,2,5,19,6,3,13,14,3,4,5,8,7,10,8,0,1,8,3,7,14,8,2,2,9,1,13,2,2,4,7,2,2,2,2,4,10,1,1,5,11,4,4,11,17,15,3,4,10,6,3,12,12,10,8,5,7,4,9,11,7,11
SIMGENE0093,1,4,2,2,1,2,4,1,2,4,4,5,3,3,2,1,3,2,2,3,5,0,4,1,2,1,2,1,2,2,1,1,1,1,3,6,1,2,0,3,1,9,2,2,5,12,1,2,5,15,4,2,2,2,2,2,4,0,2,7,9,10,5,18,10,2,1,2,2,4,3,4,4,1,5,2,2,14,2,4,3,3,1,0,4,5,6,3,4,3,4,8,4,9,2,4,5,8,4,0,2,6,6,7,13,3,13,1,8,1,1,3,1,4,3,2,2,6,1,2
SIMGENE0094,3,2,2,3,3,6,4,3,4,3,1,1,2,1,1,0,3,1,2,0,3,1,2,3,4,1,1,1,2,1,6,0,2,1,2,3,1,3,0,0,1,1,2,1,1,1,0,0,1,1,1,0,1,1,1,4,2,1,1,1,3,0,6,2,3,2,8,0,2,3,1,6,2,12,2,5,5,1,2,3,4,3,3,3,2,1,3,3,2,3,2,2,1,1,2,3,1,0,1,2,1,1,0,2,0,1,1,2,0,1,2,1,1,0,1,1,1,1,0,1
SIMGENE0095,7,3,23,3,5,1,1,4,7,2,6,2,1,3,1,1,0,9,3,6,6,5,2,9,7,4,15,8,4,8,5,3,5,5,9,7,1,4,7,5,1,6,7,3,10,22,17,8,9,19,2,16,2,5,6,10,15,3,1,5,10,8,11,25,40,3,9,8,7,6,5,4,5,2,8,12,1,2,1,26,2,4,12,20,2,5,5,2,4,9,4,3,6,12,9,3,8,2,3,1,8,2,1,6,2,10,1,3,3,1,4,16,5,15,14,11,9,24,3,7
SIMGENE0096,1,5,8,14,2,6,7,5,5,17,7,2,11,6,6,5,2,15,5,6,5,6,5,8,11,7,17,2,15,16,4,12,8,4,9,8,10,5,8,6,16,18,10,3,5,8,5,21,28,16,4,32,9,1,17,7,17,24,5,3,12,8,12,5,12,4,20,16,5,19,9,2,0,15,11,11,9,8,24,28,7,3,10,3,21,3,4,2,20,1,10,15,12,15,10,11,7,18,32,10,9,9,1,2,6,12,11,13,5,5,6,1,8,6,10,12,5,26,10,10
SIMGENE0097,8,12,8,28,6,5,5,2,10,10,12,5,8,5,2,4,2,15,7,4,1,10,3,13,3,4,11,13,6,4,7,4,5,15,7,12,6,2,4,12,44,20,2,21,9,8,8,8,2,6,1,20,13,4,3,13,7,21,13,10,6,12,12,5,1,3,5,3,5,11,12,10,3,6,5,2,2,14,8,3,23,6,2,17,3,20,2,10,10,3,9,8,9,10,18,7,8,5,9,19,10,8,6,1,17,7,3,16,4,4,8,2,2,2,7,4,8,8,15,10
SIMGENE0098,0,1,0,2,0,1,1,0,2,1,2,0,0,1,0,1,0,1,1,1,1,1,1,1,0,1,1,1,1,2,1,1,3,1,1,0,2,1,1,2,1,1,0,2,0,0,1,0,2,0,1,1,1,1,1,1,0,1,0,0,0,0,1,1,2,2,2,1,1,1,1,2,3,1,1,0,1,2,2,7,1,0,0,1,1,1,0,1,2,0,0,1,1,0,2,1,0,0,1,0,2,2,1,0,1,1,1,1,0,0,0,1,1,1,1,1,1,0,2,0
SIMGENE0099,8,12,3,16,10,7,2,6,22,5,26,4,17,4,4,8,14,11,24,5,6,4,6,15,4,6,14,13,5,4,6,2,1,5,4,9,3,5,1,5,2,9,5,7,5,3,5,9,13,10,4,2,3,14,5,2,8,10,5,6,4,11,10,2,1,9,5,2,7,9,29,3,6,16,19,20,8,9,9,2,9,2,14,3,0,1,3,8,9,15,9,6,4,5,0,3,9,13,5,5,10,4,1,14,6,18,5,9,12,11,8,3,4,8,1,2,9,8,3,3
SIMGENE0100,24,11,8,22,5,13,39,11,7,13,10,23,34,12,1,8,2,29,23,1,5,10,1,14,24,17,5,2,16,7,3,29,8,7,8,9,2,5,17,10,2,21,9,1,16,26,7,24,32,16,7,12,3,32,21,16,5,8,20,3,23,8,11,13,32,3,4,6,5,12,3,11,11,5,15,12,16,14,3,7,5,5,9,5,10,7,12,5,0,5,15,3,8,8,12,20,6,6,4,5,14,14,10,27,7,27,29,10,8,17,21,10,12,15,21,15,1,7,15,22
SIMGENE0101,2,1,2,1,1,2,1,0,0,2,1,1,2,0,2,1,2,2,0,4,4,1,3,3,1,1,1,3,0,2,2,1,1,1,1,2,1,5,5,4,1,2,1,1,1,1,1,2,1,0,0,2,1,1,0,1,2,1,0,1,2,2,2,1,2,1,2,0,1,1,5,1,1,2,1,2,3,1,0,0,2,2,1,2,0,1,4,0,3,1,1,1,0,1,3,1,2,1,2,1,1,2,1,1,2,1,2,1,1,0,2,1,5,3,5,1,1,1,2,2
SIMGENE0102,0,1,2,1,1,1,1,1,1,3,3,1,0,1,2,2,1,1,2,4,1,3,0,1,0,1,1,2,1,1,9,1,0,3,2,0,2,3,1,1,0,4,1,3,3,0,1,2,1,2,2,1,1,1,1,2,0,1,0,1,1,4,0,5,5,1,3,3,4,3,0,3,3,1,2,1,4,2,0,3,2,1,1,1,2,1,4,2,2,4,2,4,3,3,7,2,3,2,1,6,6,1,0,0,3,4,1,1,1,1,2,2,3,2,2,1,2,2,2,1
SIMGENE0103,1,2,0,2,3,0,5,1,1,3,3,5,3,6,2,7,4,1,2,8,4,1,2,8,2,1,2,6,1,3,2,2,3,3,1,3,4,3,0,0,2,6,2,1,1,5,4,0,5,4,5,6,1,1,2,2,4,1,5,4,2,2,1,1,3,1,1,3,2,2,1,5,2,4,3,5,2,2,1,3,8,8,2,6,0,3,1,1,6,9,2,4,1,1,1,4,3,1,9,5,4,3,5,1,2,4,14,6,5,5,1,4,2,2,3,8,3,3,5,3
SIMGENE0104,4,10,8,1,5,12,0,4,3,11,9,1,2,5,4,3,7,5,2,5,5,6,4,6,6,11,6,1,7,13,4,7,10,6,4,6,15,1,2,8,3,1,5,4,5,1,2,1,5,5,2,4,1,8,5,4,2,6,1,12,6,3,7,11,4,4,12,1,4,4,3,8,7,8,1,5,3,3,9,4,3,1,4,8,6,1,11,4,4,5,6,3,12,11,12,16,11,5,2,5,6,16,3,8,4,12,5,10,3,7,3,7,7,1,5,6,14,0,10,4
SIMGENE0105,10,3,10,11,9,4,10,13,3,6,11,1,11,3,20,8,11,2,4,7,17,6,4,6,2,5,10,7,22,3,6,15,10,10,4,5,7,3,1,15,3,1,5,4,17,7,5,3,2,2,3,1,2,8,3,15,9,4,7,4,5,7,2,7,1,0,1,12,10,7,5,2,2,6,5,5,8,4,7,7,24,13,5,11,4,6,3,12,11,5,6,8,9,3,10,7,8,3,13,11,3,16,12,5,7,5,8,13,3,9,12,21,3,4,8,4,7,5,1,3
SIMGENE0106,13,3,8,9,12,1,15,7,6,18,16,5,3,6,7,8,7,12,5,4,9,7,8,21,17,6,24,8,9,3,13,38,8,13,35,7,39,6,9,21,17,28,5,15,4,25,4,6,2,10,18,2,4,2,7,12,6,5,0,20,9,9,19,13,14,3,4,12,14,24,33,18,13,8,7,36,11,25,52,21,2,15,9,2,6,14,3,6,16,4,13,4,9,10,3,3,3,10,10,15,4,4,7,12,8,11,8,7,9,8,9,3,31,13,12,3,11,4,4,15
SIMGENE0107,16,16,1,5,13,20,20,6,7,4,20,9,2,2,2,24,7,5,6,17,4,7,12,2,5,1,7,6,13,5,3,2,1,1,8,1,1,6,7,1,2,8,5,8,15,11,14,15,13,16,6,7,3,20,8,3,3,10,18,7,3,3,11,19,2,2,9,3,0,16,3,5,3,4,1,17,3,3,3,2,7,14,2,9,33,5,6,9,14,15,8,2,8,3,10,10,6,8,9,3,13,21,7,10,3,6,6,3,7,10,15,7,6,10,15,21,10,8,3,16
SIMGENE0108,1,5,5,8,3,2,5,6,12,4,4,3,2,4,3,16,1,6,5,7,5,3,0,6,5,4,4,3,7,1,4,2,5,3,0,5,3,4,3,2,2,1,3,1,2,1,6,5,1,4,2,4,7,4,1,2,5,6,4,1,3,5,17,9,2,4,13,5,14,3,4,1,6,17,7,7,5,1,16,15,1,3,5,5,2,8,3,5,4,6,3,0,3,19,2,5,4,2,6,3,3,9,0,4,2,2,28,2,2,6,3,2,8,3,7,11,6,1,3,2
SIMGENE0109,9,20,23,7,11,18,10,19,6,3,5,2,10,5,2,5,12,27,13,9,7,11,7,4,25,16,7,4,2,5,3,17,7,2,4,16,14,3,12,18,6,9,9,9,13,9,11,11,5,19,11,6,11,14,10,9,5,12,3,5,14,2,13,16,33,8,2,1,8,16,8,2,12,13,13,4,3,9,2,5,14,1,13,16,5,16,10,19,3,4,25,12,11,1,7,8,10,9,7,21,0,1,3,7,3,7,12,7,7,17,15,2,8,0,3,7,6,3,8,11
SIMGENE0110,3,2,4,0,0,0,3,2,1,2,2,2,2,1,1,0,3,3,1,2,1,2,1,4,3,2,4,3,1,7,4,1,2,3,3,0,5,1,0,1,2,2,6,1,10,2,1,1,2,1,2,3,3,2,0,1,7,3,2,5,1,1,1,2,2,3,2,2,2,3,4,1,1,4,3,2,1,2,5,2,1,2,1,0,4,3,2,1,2,7,3,5,2,3,2,3,4,5,8,3,2,3,3,1,1,3,3,2,1,0,3,2,2,2,3,1,1,1,4,3
SIMGENE0111,2,31,4,3,5,5,11,9,10,5,14,13,17,8,5,4,11,22,1,13,12,4,4,13,8,14,4,22,11,8,5,3,6,14,24,9,4,7,9,19,6,18,53,1,32,4,29,2,4,9,20,26,3,16,13,17,12,4,6,4,1,20,6,21,10,5,5,30,10,16,10,0,6,11,8,7,4,6,3,12,11,9,39,4,24,5,9,14,8,3,23,6,9,25,4,41,30,6,61,24,37,11,4,19,12,17,9,7,18,7,6,5,6,4,2,45,1,1,13,12
SIMGENE0112,2,1,2,7,5,9,11,4,11,4,2,3,3,4,5,4,2,5,3,3,6,2,2,1,9,6,3,2,7,11,1,9,3,9,5,5,5,1,8,6,2,7,2,5,7,11,3,4,1,7,16,9,8,10,0,4,0,16,1,1,4,3,2,5,12,13,7,2,8,10,3,14,15,4,17,12,2,3,11,18,7,2,1,7,4,6,1,10,4,5,1,4,1,8,2,5,5,3,5,3,3,4,12,8,18,7,8,6,2,8,14,9,13,2,12,12,7,21,16,9
SIMGENE0113,2,6,8,5,22,7,7,9,5,2,4,4,3,2,2,7,4,3,4,1,7,6,4,6,8,3,5,8,4,3,4,3,8,5,5,6,7,8,8,11,7,4,14,11,3,23,7,3,12,6,36,9,7,1,19,15,16,15,12,6,3,7,9,2,15,11,6,2,11,5,4,2,1,11,6,4,1,13,3,17,10,3,4,9,8,3,17,18,30,19,6,5,10,3,5,2,2,11,3,5,12,3,10,9,5,7,8,9,5,5,9,4,10,5,2,8,2,3,4,4
SIMGENE0114,1,7,3,2,2,3,1,2,4,1,3,1,1,2,1,1,1,1,1,0,3,2,2,2,2,2,1,1,1,4,6,1,0,4,0,2,1,0,4,1,1,1,1,1,1,1,0,0,0,0,2,1,1,0,2,2,1,1,1,2,1,6,4,2,2,4,1,3,2,1,2,2,2,0,2,1,4,1,4,2,8,2,7,10,1,2,1,2,1,2,4,0,1,2,6,1,3,2,2,1,2,1,1,1,4,3,3,2,3,1,1,1,1,1,3,1,0,1,0,1
SIMGENE0115,8,15,8,8,4,1,4,12,5,1,14,6,12,2,3,16,6,8,5,9,16,3,22,10,9,8,4,2,33,6,10,17,5,17,4,8,9,10,17,8,3,14,15,7,2,13,2,9,15,12,2,9,7,11,1,6,5,6,2,13,5,11,10,15,3,3,18,4,5,5,5,16,9,3,2,4,6,9,6,7,14,8,10,2,9,4,3,7,2,33,2,7,10,8,15,11,5,7,8,8,9,5,4,8,17,5,2,12,3,3,3,5,13,3,3,4,1,7,2,7
SIMGENE0116,2,1,5,0,9,2,1,3,2,2,4,7,7,2,4,1,3,2,6,4,4,0,0,2,1,3,2,1,3,4,2,2,1,6,2,1,3,1,2,5,1,2,5,1,2,6,1,2,2,3,2,6,2,1,4,2,2,2,2,3,1,2,1,2,3,5,5,2,4,2,0,0,6,5,3,1,3,4,3,2,4,2,3,4,3,5,2,4,1,1,1,4,2,4,2,2,1,2,3,4,2,2,6,1,2,2,1,2,2,1,2,1,0,4,1,1,2,1,2,5
SIMGENE0117,0,0,1,1,1,1,0,1,1,1,2,1,0,2,1,1,3,1,1,1,3,2,1,1,0,1,1,1,1,1,1,1,1,3,1,2,1,1,2,1,1,1,0,1,2,0,2,1,1,0,0,1,0,2,2,1,2,0,2,1,1,1,1,1,0,1,1,1,1,1,1,2,0,1,1,0,1,1,1,3,2,0,1,1,0,0,0,2,3,0,1,1,1,1,0,3,1,1,1,0,1,2,0,1,1,1,1,1,1,2,1,1,1,1,0,2,4,1,0,1
SIMGENE0118,1,1,3,1,0,2,1,4,3,2,1,2,1,0,1,1,2,1,3,2,2,0,3,4,1,2,2,2,1,2,2,3,1,1,2,1,6,1,3,3,0,3,0,1,1,0,1,1,1,0,2,1,1,3,2,1,1,2,1,2,2,2,2,4,3,3,5,5,1,6,5,3,7,0,2,1,1,11,1,3,4,1,1,2,3,1,1,1,6,1,3,5,0,1,0,2,0,3,1,1,3,3,1,2,1,1,0,2,1,3,0,1,1,1,1,1,2,3,4,2
SIMGENE0119,7,7,7,11,13,4,8,3,9,19,29,3,3,10,8,1,13,6,5,8,14,8,5,6,27,13,11,4,13,21,31,4,1,21,22,5,3,10,16,9,12,2,2,6,28,1,13,2,16,2,11,3,0,1,4,10,4,9,9,5,11,1,5,15,9,5,10,31,6,14,10,6,8,17,11,8,10,3,2,8,11,6,11,24,13,16,10,5,5,7,12,8,3,6,17,5,2,18,11,10,16,12,6,5,2,6,4,10,5,5,8,10,4,5,4,3,7,10,15,3
SIMGENE0120,1,2,1,1,1,0,1,0,0,2,0,1,1,1,0,1,1,1,1,0,1,1,0,2,1,2,1,1,1,1,1,1,1,0,1,0,0,1,1,1,0,1,0,1,1,0,0,0,1,0,1,0,0,0,1,1,0,0,0,0,0,0,1,1,0,0,1,1,0,0,0,1,0,1,0,1,1,1,1,0,1,1,0,1,2,1,1,1,1,0,0,0,0,0,1,3,1,1,1,0,1,0,0,1,0,0,1,0,2,1,0,1,0,1,1,1,0,0,1,0
SIMGENE0121,3,13,1,3,11,3,16,3,7,5,5,3,3,4,5,9,4,4,8,1,5,8,8,6,4,7,13,18,6,1,3,18,15,3,1,12,6,3,1,11,4,5,9,3,3,5,4,5,4,3,1,5,1,1,4,2,6,8,14,2,3,2,4,2,3,1,5,4,6,3,0,4,2,8,8,1,10,3,5,6,17,5,9,11,4,3,4,13,6,4,10,5,2,1,14,2,2,6,8,6,4,3,7,8,10,8,11,2,5,3,6,8,3,3,15,3,10,3,3,1
SIMGENE0122,3,3,2,5,1,2,2,0,6,6,5,3,1,1,4,2,5,1,1,1,2,1,2,2,2,5,2,3,1,2,2,2,9,1,7,4,5,1,10,3,2,1,2,2,3,2,6,4,3,2,1,3,1,1,1,2,0,0,2,2,1,9,1,2,5,8,3,2,3,3,2,6,5,2,1,2,1,4,4,3,3,4,1,1,2,0,1,1,1,2,6,1,1,2,2,0,2,2,3,7,3,5,3,3,1,6,1,1,1,0,1,1,6,4,4,1,2,1,8,1
SIMGENE0123,4,7,8,0,6,7,24,3,11,14,14,8,16,5,3,6,2,16,14,5,6,5,2,8,2,4,5,10,11,10,6,3,2,11,4,5,9,11,5,21,3,1,9,9,6,8,4,18,5,12,2,7,17,6,23,2,14,5,8,3,2,6,2,16,6,2,4,8,13,4,10,4,9,4,4,7,2,4,11,8,3,6,12,7,2,13,8,7,5,3,17,28,8,1,13,6,10,6,15,17,17,1,28,28,16,3,4,6,14,2,4,5,5,15,5,17,3,6,13,13
SIMGENE0124,6,5,5,13,4,5,5,10,13,3,3,11,12,2,4,5,14,6,1,6,1,28,29,14,14,19,9,7,3,23,35,14,3,20,8,19,3,4,8,18,5,12,5,3,17,8,32,13,33,10,20,7,5,16,16,17,16,2,7,13,14,17,6,5,16,11,9,5,16,7,9,18,6,12,14,26,3,8,2,14,9,23,6,1,7,8,4,29,14,2,8,18,7,9,15,9,16,5,12,12,16,23,24,23,45,10,5,14,9,12,9,9,9,7,41,4,13,14,18,2
SIMGENE0125,4,6,3,2,8,2,2,6,4,16,8,4,13,6,4,5,9,7,8,7,6,11,5,10,9,3,18,3,11,15,7,3,8,8,3,8,3,30,4,12,4,9,6,2,5,2,2,2,2,1,12,5,2,2,4,12,7,2,3,4,5,28,3,14,1,10,4,5,2,2,6,5,7,3,6,2,2,4,6,4,1,4,4,0,5,1,3,2,5,9,3,11,5,5,5,4,10,1,3,2,3,15,4,5,13,13,2,2,15,5,7,7,3,5,10,12,6,5,2,9
SIMGENE0126,3,6,11,1,7,0,5,1,10,11,9,1,4,4,5,9,10,10,9,6,2,0,1,17,26,8,7,11,13,11,6,11,11,9,3,3,18,2,5,6,7,20,8,2,7,7,7,9,12,6,8,7,5,9,6,3,11,5,10,2,6,14,14,9,20,5,27,6,12,4,5,8,1,6,10,10,9,10,0,2,9,5,1,11,13,4,6,18,16,2,5,4,14,4,2,1,3,9,2,5,4,16,5,16,1,2,4,14,7,1,1,9,6,7,5,2,0,1,2,4
SIMGENE0127,6,1,2,1,2,0,1,3,1,2,3,1,1,3,2,1,0,0,1,1,2,2,2,2,2,1,2,1,1,2,0,2,3,1,3,1,4,3,4,2,0,0,1,0,2,0,1,1,0,1,1,1,1,0,2,0,1,1,1,1,1,0,2,1,1,1,1,1,1,1,3,1,6,1,2,1,1,1,0,1,1,0,4,2,1,3,3,2,2,1,1,2,1,1,1,2,1,1,3,2,3,3,1,2,1,5,1,2,1,2,2,5,3,1,1,1,1,3,1,3
SIMGENE0128,0,0,1,0,2,1,1,2,1,1,1,2,3,3,1,1,1,2,2,1,2,1,0,3,1,0,3,2,1,1,1,0,2,1,1,1,3,1,1,1,1,1,2,1,2,1,1,1,1,0,1,1,0,2,1,1,0,2,3,1,1,0,1,0,0,0,0,1,3,1,0,1,1,0,1,0,1,0,1,2,1,1,1,1,1,2,2,1,2,1,1,1,3,1,1,2,1,0,2,1,1,1,1,2,0,1,1,1,1,0,1,1,0,1,1,1,1,1,0,0
SIMGENE0129,7,5,3,2,3,2,1,6,4,4,3,1,2,3,1,1,7,4,4,1,3,11,3,5,4,4,15,3,1,1,15,18,2,4,5,9,8,5,8,3,4,5,7,4,5,1,4,8,10,2,9,2,10,3,3,4,18,5,26,6,3,3,14,3,2,7,3,5,4,0,1,6,12,8,10,7,1,2,12,3,1,14,10,2,11,3,6,3,11,5,11,17,19,6,3,2,2,14,4,3,13,6,6,0,4,3,5,10,4,3,6,8,6,0,9,15,4,7,3,7
SIMGENE0130,18,15,31,5,27,5,25,19,3,18,19,14,36,5,21,26,19,19,20,8,10,5,10,9,8,27,5,12,6,30,7,16,10,17,13,5,1,7,14,19,9,2,10,9,23,8,19,10,15,6,12,9,8,20,12,23,21,14,12,9,13,1,8,5,3,7,15,43,8,6,5,13,9,4,7,2,12,6,9,14,39,4,5,3,9,16,11,2,7,14,11,1,2,16,16,25,8,22,7,13,3,7,5,29,2,8,15,25,9,4,14,14,13,20,12,9,31,15,19,16
SIMGENE0131,6,1,6,5,8,1,4,4,10,3,1,2,4,5,9,5,2,3,3,6,2,9,12,5,10,3,1,0,7,2,6,12,5,3,5,7,5,7,2,7,6,5,6,14,14,7,6,2,26,5,9,8,4,7,29,3,7,4,14,4,2,14,2,2,13,1,9,0,7,11,2,16,3,4,11,9,4,0,10,2,12,11,7,10,26,14,2,1,21,13,8,3,8,2,4,3,9,8,4,3,10,7,8,3,13,11,8,8,8,5,1,7,5,16,3,11,2,14,2,5
SIMGENE0132,4,2,1,2,1,2,0,1,1,2,1,1,1,0,1,3,1,1,1,2,1,1,1,1,1,6,1,2,1,0,2,1,1,2,1,2,4,0,0,0,3,1,1,2,2,1,3,2,0,1,1,2,1,1,1,2,1,3,4,0,1,3,3,1,1,0,1,1,2,2,2,1,3,2,1,0,4,2,1,1,4,1,2,2,0,2,1,2,0,1,2,2,2,2,4,3,2,4,1,0,0,1,0,2,1,1,1,0,1,1,0,1,0,0,2,0,1,1,1,1
SIMGENE0133,18,7,24,16,4,7,23,14,8,2,5,7,20,8,2,19,10,13,5,8,20,15,1,17,5,23,16,7,14,16,4,21,12,23,12,9,37,8,4,12,14,7,14,18,13,10,9,4,5,12,15,8,31,14,11,8,8,14,14,23,8,10,13,12,13,10,12,28,31,9,14,13,6,15,6,2,24,49,7,3,29,6,25,6,6,2,10,2,9,6,6,7,11,19,29,3,8,7,26,11,3,1,6,8,13,20,10,6,11,39,10,18,2,18,3,17,10,3,14,16
SIMGENE0134,3,11,4,10,3,10,2,1,9,14,8,3,4,3,23,5,9,3,4,8,2,2,5,7,4,3,7,9,12,19,2,5,4,4,6,7,5,7,3,8,5,4,9,3,2,4,12,5,12,2,2,1,3,3,4,7,3,4,5,6,5,8,11,3,14,9,7,13,3,4,5,12,13,4,5,3,13,6,1,2,4,5,5,11,3,0,6,2,5,4,2,2,2,0,2,6,3,5,6,1,3,4,1,2,7,4,2,1,3,1,3,3,5,6,2,5,11,3,3,5
SIMGENE0135,3,8,11,8,27,9,7,12,9,12,6,9,26,11,12,14,10,3,10,4,6,0,14,19,12,7,6,11,11,3,13,17,13,7,3,18,17,12,11,6,3,5,6,12,1,9,5,15,5,15,9,9,12,7,6,17,5,13,7,4,22,14,7,18,25,11,3,5,14,12,4,13,6,16,6,8,11,3,9,1,14,14,8,6,22,9,3,25,6,8,6,10,4,12,5,9,32,3,37,2,3,16,8,2,17,4,13,18,14,40,3,22,15,6,11,9,18,4,4,14
SIMGENE0136,4,2,2,2,1,3,3,3,3,3,5,4,4,6,8,3,2,1,4,9,5,9,4,5,2,4,6,4,2,2,2,1,2,2,6,1,2,1,6,3,2,6,3,1,3,1,1,7,4,5,3,6,2,1,4,2,2,4,4,1,7,5,1,5,3,2,12,12,3,9,2,7,4,5,0,5,4,4,5,1,3,5,7,3,2,2,5,0,2,4,5,4,2,3,4,1,3,1,3,2,3,4,5,1,3,10,3,1,3,4,2,1,2,9,2,9,7,5,9,3
SIMGENE0137,8,10,10,37,3,13,15,17,25,14,18,3,38,27,13,21,4,27,10,9,4,6,2,29,10,2,5,7,3,4,6,10,4,6,6,3,1,4,3,6,4,9,8,12,13,2,6,17,10,15,8,8,17,5,7,15,11,7,25,11,3,8,10,4,18,18,18,18,14,9,26,14,5,22,5,18,12,3,2,8,22,2,4,19,3,5,39,4,13,12,12,14,4,5,5,17,19,22,7,10,18,19,19,3,4,6,12,4,20,19,1,39,7,12,4,33,1,21,16,16
SIMGENE0138,4,2,3,4,4,2,0,1,1,3,1,3,3,1,1,1,3,3,3,0,2,2,2,3,0,7,1,1,2,7,6,2,1,1,4,15,4,3,3,6,3,3,1,6,7,4,14,2,2,2,1,1,13,5,1,6,4,9,9,0,7,5,4,11,5,1,8,6,6,1,5,1,10,2,8,14,5,4,3,3,3,15,2,2,7,2,4,6,8,7,4,3,2,6,3,3,2,9,3,12,0,5,1,1,1,1,3,0,1,3,1,1,2,5,4,0,2,2,4,3
SIMGENE0139,1,3,1,4,4,2,2,4,2,9,2,3,4,5,3,12,9,4,3,21,5,11,10,4,12,3,2,2,17,10,8,1,5,1,3,11,3,1,3,4,28,3,30,8,10,15,12,16,6,3,18,15,12,12,6,29,5,5,19,15,2,1,11,14,9,13,13,4,2,9,7,4,10,4,3,1,14,5,1,3,2,3,9,5,7,6,23,4,13,21,6,6,8,17,6,7,6,8,6,3,8,1,2,9,6,3,8,5,5,16,7,7,7,3,11,6,4,0,8,2
SIMGENE0140,3,13,4,3,2,1,20,3,4,2,7,2,1,6,9,9,1,12,3,8,12,16,5,2,11,5,6,8,19,7,11,15,7,26,4,0,11,13,19,0,6,33,10,8,19,8,6,31,12,10,25,11,14,4,7,8,6,20,11,17,8,38,6,1,19,5,18,12,2,2,24,3,9,10,2,14,1,11,1,16,6,2,14,2,14,10,12,8,3,3,3,3,14,6,13,16,4,8,2,9,1,3,2,3,4,10,5,5,1,13,5,7,4,7,6,11,3,4,6,6
SIMGENE0141,4,8,12,2,14,7,13,6,17,6,8,12,10,10,5,8,58,12,25,6,18,26,2,18,51,25,24,19,4,10,4,27,15,6,25,12,6,9,10,20,11,5,12,15,8,8,24,8,11,3,11,15,10,17,12,12,6,1,19,1,9,17,13,21,8,11,19,4,24,12,10,14,32,10,8,23,4,13,8,2,5,12,17,12,11,3,3,4,5,9,10,6,7,6,6,18,8,12,9,6,29,10,10,15,6,5,21,8,19,15,5,8,7,30,14,23,15,1,10,14
SIMGENE0142,2,5,1,3,4,1,3,2,1,0,2,3,3,2,2,3,3,1,1,0,1,0,1,1,2,1,2,1,1,0,1,1,1,1,1,1,2,2,6,1,1,3,1,2,1,2,1,1,1,1,1,0,1,4,1,3,1,0,1,1,1,1,1,1,1,2,4,4,4,0,2,1,1,3,1,1,1,3,2,0,1,2,1,3,2,2,4,3,0,1,1,1,2,0,1,1,2,1,2,1,1,0,1,1,3,2,0,1,2,1,0,2,0,0,1,1,2,1,2,2
SIMGENE0143,19,6,4,2,9,14,4,9,8,24,7,1,5,15,20,7,2,4,7,4,5,2,24,1,11,23,3,10,6,15,12,15,19,3,3,6,10,17,16,4,9,25,4,30,8,10,11,44,11,22,12,4,0,20,12,3,3,1,9,11,10,2,19,7,16,12,45,11,44,3,4,1,11,24,15,4,13,37,17,11,6,23,4,8,6,46,9,18,15,8,19,12,5,4,8,8,16,2,10,3,11,1,7,15,5,9,15,3,43,7,3,4,8,8,1,3,14,13,10,8
SIMGENE0144,3,8,3,13,9,4,5,12,5,1,3,2,4,6,2,14,8,1,13,2,1,1,5,5,3,5,1,5,4,4,2,6,1,5,7,1,3,1,4,4,8,3,3,9,2,8,8,3,14,2,3,5,14,8,3,5,3,8,16,3,8,3,5,3,4,4,5,2,2,6,2,2,1,7,10,0,6,7,11,0,15,3,3,5,3,9,1,4,4,1,6,6,3,2,5,9,3,3,1,5,3,5,6,1,6,2,4,7,3,1,7,5,2,2,2,2,0,3,3,3
SIMGENE0145,4,5,13,2,22,3,4,7,11,4,5,3,5,6,6,9,18,17,7,7,1,4,7,14,6,7,4,9,10,11,8,11,0,5,33,7,10,8,35,4,7,7,6,6,7,6,5,5,3,14,6,11,5,4,4,3,7,5,6,0,2,10,2,1,2,9,8,7,6,3,9,5,14,3,8,2,8,5,3,5,1,11,7,7,2,6,5,8,4,1,4,3,6,7,9,2,4,10,4,7,7,4,8,2,23,4,3,13,7,4,3,6,3,5,3,5,3,16,4,17
SIMGENE0146,4,2,1,4,1,1,6,4,3,6,3,2,3,5,1,1,3,3,1,4,3,2,0,11,1,3,5,6,2,2,3,8,0,1,3,4,5,7,4,5,4,2,3,1,4,2,5,1,3,2,0,10,5,1,1,3,3,4,2,2,6,1,1,4,5,10,1,2,1,8,6,4,4,3,2,3,1,3,8,2,3,4,10,4,2,2,2,3,2,8,1,7,6,4,6,5,1,3,3,3,1,9,1,2,3,2,4,1,8,2,0,10,4,7,1,17,3,9,2,7
SIMGENE0147,1,6,3,7,10,5,6,1,4,4,3,2,2,3,9,1,2,2,5,1,1,1,10,9,2,3,3,6,8,2,7,7,7,7,8,3,7,11,4,9,4,5,6,11,2,1,3,5,1,6,1,1,2,2,12,7,1,5,7,10,1,1,4,8,2,2,1,1,2,1,6,5,2,9,7,4,10,4,2,3,2,7,5,6,9,3,11,3,8,8,3,4,8,12,4,5,13,13,2,4,7,3,3,4,9,2,5,2,6,8,12,6,3,6,4,4,3,2,4,4
SIMGENE0148,3,2,3,1,3,0,1,0,1,2,2,1,1,2,1,1,0,3,0,1,1,5,1,1,4,3,3,3,1,4,5,1,1,2,3,3,2,4,4,1,3,1,3,0,0,1,1,0,1,1,3,1,3,2,0,2,1,0,1,1,1,1,1,1,2,2,2,1,2,4,2,1,1,1,0,2,2,1,1,2,2,0,1,2,1,1,1,2,2,0,3,3,1,1,1,0,1,3,1,0,5,4,3,4,3,1,2,1,4,2,1,3,1,0,0,2,2,1,1,2
SIMGENE0149,0,2,5,0,3,1,5,2,3,3,3,1,0,1,1,1,2,2,2,1,0,2,1,3,1,1,0,1,0,1,0,4,2,1,1,0,5,1,1,1,2,0,2,1,1,2,3,2,1,1,2,5,1,3,4,1,5,2,0,3,3,1,1,2,2,3,3,4,2,6,2,4,2,2,2,3,2,4,1,4,1,2,1,2,1,1,1,3,2,2,3,1,1,2,2,2,2,2,2,3,6,4,5,0,1,7,2,2,3,2,6,2,5,1,2,2,0,2,3,2
SIMGENE0150,2,3,1,4,3,3,6,4,0,1,2,4,2,1,2,6,2,2,1,2,4,1,1,3,1,1,5,1,3,10,3,2,1,3,3,1,5,1,5,1,1,1,0,6,1,6,1,3,1,1,3,1,3,4,1,9,1,10,4,1,1,2,1,2,2,2,1,2,3,1,4,4,1,1,3,2,2,2,2,4,1,1,7,5,1,1,2,2,11,3,1,2,1,6,0,6,3,1,2,2,1,3,3,5,6,1,1,2,4,1,4,6,0,3,5,5,5,2,2,3
SIMGENE0151,9,11,19,11,27,1,8,16,7,13,8,17,11,16,3,18,7,9,7,10,12,49,12,13,1,8,22,6,1,17,11,26,13,0,6,8,7,22,17,13,8,11,21,5,8,21,10,14,10,3,16,14,7,8,18,6,15,24,19,37,33,8,22,7,20,27,11,28,34,37,6,3,8,14,20,13,9,5,12,17,10,10,4,5,6,4,3,13,2,9,10,13,12,11,10,5,8,3,4,2,13,10,8,10,8,20,20,9,24,14,23,11,19,15,11,3,19,17,12,21
SIMGENE0152,22,17,12,15,5,26,10,19,12,18,24,5,20,9,28,4,8,4,4,6,14,9,6,10,8,2,10,2,7,3,12,4,1,1,2,2,8,11,7,3,6,3,18,10,3,7,12,2,9,3,6,4,16,3,20,4,4,8,14,8,3,4,5,5,28,7,5,7,23,19,8,4,10,4,3,2,10,1,15,9,13,11,11,10,10,4,7,10,7,4,2,32,24,5,21,39,13,18,8,17,3,11,5,10,11,11,8,1,2,6,2,2,4,1,2,4,4,4,6,6
SIMGENE0153,15,12,2,6,14,12,10,9,5,18,6,57,17,1,11,8,10,6,22,7,2,10,3,9,4,12,28,5,9,18,27,23,19,4,22,20,4,11,13,33,4,44,9,6,4,26,3,14,2,2,11,13,9,20,24,9,13,6,3,22,18,1,9,6,3,23,2,2,9,5,4,8,4,15,19,9,2,5,8,10,11,2,4,8,25,3,20,14,16,7,10,21,8,8,13,5,3,22,40,10,13,23,11,5,21,32,4,79,10,20,34,10,22,14,22,11,6,7,16,22
SIMGENE0154,3,0,0,1,1,1,1,1,3,0,0,2,0,1,1,0,1,1,1,0,1,1,2,2,0,2,1,0,0,1,2,3,2,1,1,4,1,1,2,1,1,4,0,1,0,0,0,0,1,0,1,0,1,1,1,2,1,1,1,1,1,2,3,1,1,2,2,3,0,4,1,2,2,1,3,2,1,1,1,1,4,1,1,1,1,1,1,4,1,2,3,0,3,2,4,2,1,0,2,1,2,1,1,1,1,3,1,1,3,2,1,1,1,1,1,5,2,1,1,2
SIMGENE0155,12,7,27,11,17,11,9,10,10,3,16,39,13,19,20,15,14,7,59,4,24,7,18,3,27,9,8,2,1,15,8,54,24,33,5,23,8,8,15,2,10,5,19,5,7,17,5,6,15,25,20,9,16,11,19,24,7,6,5,19,10,11,21,14,23,2,13,19,20,1,7,34,4,7,5,2,20,31,12,19,22,21,17,17,10,17,7,9,20,8,27,7,4,19,6,21,5,40,5,9,25,14,13,5,10,16,17,3,3,2,12,11,4,15,25,6,9,8,23,3
SIMGENE0156,5,5,11,6,10,15,22,5,12,9,6,11,9,31,15,9,21,9,22,8,2,6,3,16,25,15,10,20,11,10,7,3,14,6,3,3,24,3,11,8,4,0,7,3,18,1,6,22,7,19,1,12,23,14,9,7,7,6,7,16,4,11,0,7,1,4,12,5,11,8,9,5,17,19,11,12,7,9,8,4,12,12,36,3,10,10,8,6,3,7,4,22,9,7,34,19,4,2,26,6,4,10,4,8,22,7,5,4,3,2,8,12,2,3,13,3,17,10,11,3
SIMGENE0157,9,10,9,5,8,6,32,21,13,21,12,9,5,4,11,8,26,9,16,25,26,11,10,7,7,11,4,11,8,3,14,2,9,3,4,7,4,6,7,9,4,12,3,2,3,8,17,7,15,22,8,10,10,4,12,5,4,4,3,3,4,5,2,10,3,11,8,16,23,7,7,13,14,3,21,56,28,16,6,15,6,1,10,7,16,1,12,7,1,13,8,4,2,5,7,6,1,5,1,9,6,5,24,5,18,24,5,4,9,5,18,8,17,7,42,7,11,4,19,5
SIMGENE0158,2,0,1,2,1,1,2,4,4,1,1,2,2,3,3,1,1,1,4,2,1,3,2,1,2,2,2,2,2,3,1,3,2,3,2,5,1,1,3,2,1,0,2,0,1,1,2,1,4,4,3,1,0,5,2,1,3,1,2,2,2,2,2,1,7,3,2,1,1,2,1,1,1,3,2,3,2,1,2,1,0,2,0,1,0,1,1,1,2,3,1,1,2,1,3,2,1,1,2,1,1,1,1,1,1,3,1,1,1,1,0,1,0,2,0,1,1,1,1,2
SIMGENE0159,0,4,8,1,0,2,3,1,2,1,9,3,4,2,0,2,2,3,5,3,5,4,3,6,4,2,3,6,5,7,1,7,3,2,3,2,10,4,3,4,4,0,2,2,4,0,2,4,1,4,3,6,1,3,3,4,6,3,3,1,3,2,4,6,2,7,5,10,2,8,4,4,10,3,4,3,10,1,1,20,3,6,2,6,3,2,1,4,1,1,9,3,2,1,6,7,1,3,2,1,1,17,1,3,6,5,8,1,1,4,6,2,5,3,5,10,1,3,7,9
SIMGENE0160,3,4,2,5,9,4,1,1,0,3,2,2,4,3,1,4,3,4,3,1,4,1,1,1,2,2,4,2,3,1,2,3,5,1,5,1,5,5,2,4,1,2,0,3,1,2,7,6,0,2,2,3,3,2,2,0,1,3,1,1,8,6,4,2,3,5,1,6,8,8,1,4,1,1,3,2,6,1,14,7,2,1,2,0,10,1,2,11,0,6,3,7,2,4,8,7,3,7,5,12,0,5,4,3,1,2,4,4,8,2,2,4,13,12,2,2,12,17,6,1
SIMGENE0161,2,2,2,1,0,4,1,1,2,2,2,2,2,1,0,1,1,0,1,4,1,1,2,0,3,1,2,1,1,2,0,1,0,1,3,1,1,1,2,1,5,4,3,3,2,1,2,0,1,2,3,1,3,0,4,4,3,3,1,5,1,4,2,5,1,3,3,1,2,2,2,4,1,4,1,2,1,5,2,2,6,3,1,2,1,6,3,1,1,1,2,4,0,1,2,1,4,1,3,1,2,1,3,3,2,2,2,3,1,1,4,3,2,1,4,4,4,2,4,3
SIMGENE0162,13,2,8,4,13,8,8,5,3,4,10,10,6,8,10,3,0,2,7,2,9,2,9,7,1,6,8,2,11,1,7,2,10,3,5,16,5,4,4,5,5,2,12,2,5,3,6,6,4,3,3,3,2,2,9,4,17,1,10,4,6,12,2,8,4,10,8,1,24,2,14,8,10,3,3,5,7,4,3,4,12,4,8,1,28,26,13,12,5,15,2,0,14,7,14,3,8,10,4,19,4,2,15,1,10,6,3,2,1,5,2,4,9,1,8,5,3,6,4,3
SIMGENE0163,3,2,2,2,0,1,1,3,0,2,1,1,1,1,1,2,1,1,2,0,1,1,3,1,2,3,0,1,0,1,3,1,1,2,2,1,2,2,1,2,2,1,3,1,1,0,0,1,1,1,0,2,1,5,2,1,4,1,3,1,1,2,2,3,1,1,2,1,2,2,1,3,1,2,1,0,2,1,3,2,0,3,1,2,1,3,1,5,1,1,0,4,3,2,1,2,5,3,0,1,2,1,1,3,2,5,2,2,2,4,7,3,1,3,2,2,1,8,3,1
SIMGENE0164,1,1,1,2,1,1,2,1,1,3,1,2,1,0,2,1,1,3,1,2,1,0,2,1,0,2,0,1,0,0,1,2,1,0,1,0,2,0,1,1,1,0,1,3,1,1,1,1,0,0,1,2,1,1,0,0,1,1,1,2,2,2,0,1,1,1,0,2,1,1,0,1,3,1,2,0,1,1,4,2,1,1,0,0,1,1,1,1,1,0,0,0,1,2,1,1,2,1,1,1,0,4,1,0,2,3,1,1,1,3,1,1,2,1,1,0,2,2,3,1
SIMGENE0165,3,14,19,7,1,8,16,4,8,5,14,12,9,0,3,15,15,14,4,4,5,2,19,12,8,8,15,4,4,3,3,6,14,1,3,3,4,3,10,1,22,10,20,7,20,7,6,16,16,4,8,2,14,10,9,6,17,7,8,15,7,13,6,6,1,10,12,7,11,8,1,7,18,7,7,11,8,5,4,5,1,3,14,3,7,20,13,23,9,13,2,4,13,9,2,5,3,7,9,8,21,33,7,3,11,3,6,6,13,3,10,6,2,5,3,3,8,5,11,8
SIMGENE0166,0,0,0,0,2,3,0,2,0,4,1,1,1,1,1,1,1,0,0,1,2,1,1,1,1,0,1,0,1,1,0,1,0,1,1,0,1,1,1,1,0,3,1,2,0,0,1,1,1,0,0,1,2,1,1,2,1,0,1,0,1,0,0,0,1,1,1,1,0,1,0,0,0,0,2,1,0,0,0,1,0,0,3,1,0,0,0,0,0,2,1,0,1,1,1,0,1,0,1,2,1,2,1,0,1,1,0,0,0,1,1,1,1,2,2,1,1,0,1,2
SIMGENE0167,22,5,3,19,13,23,4,13,10,12,18,4,19,3,25,4,5,4,4,13,16,18,15,7,10,9,7,13,10,14,22,10,1,1,5,21,17,6,20,8,11,6,1,3,1,9,4,11,5,3,8,13,1,16,6,5,1,7,17,5,3,7,10,2,4,6,1,12,2,5,3,3,7,7,2,20,6,4,0,5,12,7,2,5,17,20,2,5,9,17,2,21,3,17,1,20,15,6,16,11,9,8,1,15,13,6,5,6,11,8,14,4,21,5,5,1,7,9,4,6
SIMGENE0168,3,1,3,2,2,3,2,1,2,1,1,1,5,3,4,4,4,2,2,1,2,1,2,1,3,2,1,1,1,1,1,3,2,3,1,1,2,3,0,0,3,3,1,3,2,2,1,1,2,1,1,1,1,1,3,1,2,4,1,6,2,3,2,2,2,2,4,3,2,2,4,2,1,1,1,4,7,4,4,1,3,0,4,5,2,1,1,0,1,7,3,1,4,2,1,4,4,3,3,5,2,2,2,3,5,3,1,1,0,0,4,3,2,1,2,4,2,3,4,3
SIMGENE0169,5,8,1,5,3,4,4,4,4,4,0,1,1,2,1,4,2,2,5,3,2,2,1,3,2,2,1,2,3,1,4,1,3,3,10,3,0,1,2,2,1,2,2,0,2,2,3,1,4,5,8,1,2,3,3,1,0,3,3,4,4,3,1,3,4,1,3,1,3,7,3,1,4,1,1,1,5,1,7,6,4,0,2,1,2,1,1,1,1,2,0,2,1,7,1,3,1,0,2,3,8,5,1,2,2,1,4,1,1,2,4,1,2,4,2,10,4,1,3,9
SIMGENE0170,2,1,8,0,2,5,2,4,1,3,5,2,3,2,4,3,3,2,0,1,4,3,6,3,1,1,2,5,2,2,1,1,5,3,1,1,1,2,4,3,2,2,1,1,3,5,3,4,3,7,1,5,3,7,8,1,1,5,4,13,8,7,3,3,2,7,1,1,4,16,3,7,7,10,6,4,4,3,6,5,4,2,2,1,7,4,9,2,16,3,3,2,5,3,10,10,2,3,11,9,10,9,6,3,7,2,6,12,14,1,12,3,3,3,6,5,3,9,9,5
SIMGENE0171,8,15,13,7,1,12,2,1,6,7,4,10,9,8,0,11,7,5,4,3,8,8,3,6,7,5,6,4,9,5,9,2,3,27,12,15,11,3,5,26,5,7,10,9,3,7,4,5,2,7,3,5,9,4,9,5,6,1,2,9,11,32,11,7,6,5,6,6,1,8,3,24,20,9,4,5,7,3,8,6,7,6,1,2,3,8,2,3,2,5,4,3,1,6,8,8,1,4,4,11,5,11,4,7,14,4,2,6,5,1,3,4,2,16,9,13,4,5,2,2
SIMGENE0172,8,5,7,1,6,10,3,14,1,2,2,8,4,4,3,8,3,1,4,7,2,11,2,4,6,0,10,4,2,6,2,2,7,2,5,6,7,4,0,4,3,4,7,1,3,1,0,2,6,2,4,3,1,2,2,5,1,4,1,3,3,2,4,1,1,3,3,4,4,4,9,1,0,5,3,1,2,4,1,1,6,2,4,7,4,12,6,4,2,5,8,0,4,1,3,1,2,2,1,1,4,8,3,7,5,0,2,2,3,6,5,11,1,8,1,4,1,2,9,10
SIMGENE0173,22,9,6,18,4,8,8,6,6,11,6,4,10,10,16,4,12,4,4,6,11,19,6,3,6,11,1,4,10,22,14,4,2,6,9,10,13,1,4,6,12,3,4,18,4,8,8,3,12,9,5,4,15,15,8,5,4,19,18,6,3,19,11,10,1,8,9,9,12,9,5,7,3,5,5,6,2,3,8,4,8,12,7,16,7,6,11,23,20,6,15,3,1,5,5,10,9,1,3,12,13,8,32,18,14,16,25,34,1,10,41,10,4,19,6,3,17,3,2,8
SIMGENE0174,7,19,5,11,10,3,3,8,5,4,7,5,2,7,7,10,5,1,9,3,13,7,29,15,4,18,14,8,4,34,3,2,2,7,36,7,22,8,21,20,8,3,9,5,4,13,6,11,9,4,31,6,3,2,7,9,9,10,6,8,10,10,5,3,3,42,19,6,14,19,21,8,15,12,35,30,12,2,4,14,6,16,1,2,4,10,16,10,5,11,13,11,5,5,20,5,7,3,36,6,16,8,7,9,18,9,6,3,15,4,12,23,5,4,1,14,12,21,3,6
SIMGENE0175,3,3,10,5,4,1,6,2,4,11,5,2,10,1,2,2,13,3,9,7,8,2,4,7,14,4,17,8,19,2,4,7,1,8,8,6,9,5,1,13,10,12,18,12,21,32,5,9,16,4,35,17,23,17,24,11,8,15,1,10,4,8,10,7,1,6,6,10,3,8,3,15,3,6,5,3,6,6,6,17,8,26,18,30,14,23,14,31,5,6,18,21,6,4,5,13,2,11,6,9,1,10,40,4,6,22,1,7,2,5,10,9,24,6,2,25,3,13,4,13
SIMGENE0176,4,3,6,0,6,6,6,10,10,1,14,2,18,7,3,8,9,18,4,8,9,3,9,7,6,16,4,6,25,5,1,1,16,2,7,2,7,4,27,11,12,3,6,10,8,10,4,13,5,10,7,2,1,2,9,3,1,7,14,8,6,13,5,9,11,7,12,11,8,3,16,4,1,4,4,4,2,13,5,7,6,7,5,7,12,23,1,16,7,2,2,1,1,14,3,7,4,6,7,10,8,10,4,11,5,6,3,17,5,0,6,5,5,10,2,9,3,3,11,5
SIMGENE0177,3,3,1,1,2,0,3,4,4,1,0,3,1,3,1,1,4,6,3,3,1,1,6,2,1,5,2,1,3,1,6,4,1,0,2,0,2,2,1,4,5,1,2,4,3,0,1,1,1,4,2,3,3,4,1,2,4,7,6,5,4,1,6,2,2,1,3,0,3,1,1,3,2,2,2,1,1,1,3,1,1,2,1,4,2,7,1,2,1,2,3,1,1,0,1,2,2,1,3,1,2,2,1,1,3,5,1,1,0,2,1,0,1,1,2,0,2,1,2,3
SIMGENE0178,6,7,6,8,1,6,3,3,1,6,9,2,5,5,9,3,12,6,1,7,3,10,3,2,2,8,11,2,8,3,7,3,6,5,4,2,6,8,6,3,3,7,10,3,2,5,22,2,7,13,6,3,19,21,2,3,23,4,6,6,5,13,2,6,4,7,5,11,5,4,3,5,5,4,7,7,2,5,2,1,9,2,5,5,4,6,5,7,12,4,1,4,2,2,4,2,1,6,0,4,3,7,12,12,12,3,3,12,3,13,4,2,3,7,4,10,8,16,7,5
SIMGENE0179,18,26,10,20,6,6,15,5,31,5,23,5,12,1,7,2,22,5,4,23,6,5,8,11,5,7,3,11,3,4,1,6,35,2,3,1,16,1,3,5,17,5,7,10,3,7,8,8,4,11,23,5,3,4,6,6,15,3,20,13,1,16,5,14,6,5,9,3,15,19,7,10,4,9,14,2,9,2,10,23,8,11,10,15,2,3,5,10,2,2,10,4,3,3,7,6,4,8,13,1,7,1,5,14,10,8,8,15,5,2,7,5,4,12,5,9,23,9,5,3
SIMGENE0180,5,4,4,5,6,1,5,1,3,5,5,13,8,2,3,4,1,2,8,14,2,1,4,15,3,7,4,10,0,9,8,3,2,6,2,1,5,5,7,7,5,4,5,7,5,1,6,2,7,1,3,2,9,2,4,2,2,6,6,11,6,3,1,23,8,13,3,4,2,9,3,15,5,9,1,6,2,6,17,2,6,5,23,13,7,12,6,3,5,1,7,2,3,12,7,4,12,5,4,7,3,7,3,2,3,2,3,2,9,2,0,2,3,5,1,1,6,9,6,8
SIMGENE0181,1,3,1,1,2,1,6,2,2,3,6,3,5,3,4,1,1,4,2,5,2,1,1,2,1,2,3,4,1,1,1,3,2,2,2,1,1,2,5,5,1,2,2,3,2,2,0,4,1,4,1,1,2,2,1,2,2,2,2,1,2,4,2,1,1,1,2,1,1,2,1,2,0,0,1,2,1,5,1,1,4,1,3,0,1,2,1,1,1,0,3,3,3,4,3,1,4,0,1,1,4,7,1,2,4,1,0,1,2,1,1,2,1,2,1,3,1,0,3,2
SIMGENE0182,5,2,1,2,3,2,1,2,1,1,2,2,2,1,2,2,3,0,2,3,1,0,1,1,2,4,1,1,1,4,0,3,2,0,1,3,2,1,1,2,4,2,7,8,5,3,8,0,2,4,3,1,2,2,2,2,3,1,5,1,1,1,3,7,6,1,6,5,1,3,1,10,0,2,2,6,2,3,4,1,1,1,1,0,4,3,2,1,5,4,3,1,1,2,2,1,1,2,0,0,2,3,1,10,2,4,2,3,2,4,1,1,7,1,1,3,2,3,1,6
SIMGENE0183,30,4,2,3,3,9,9,8,7,4,4,10,15,6,14,5,21,3,5,8,4,1,13,1,7,3,0,5,0,16,7,4,11,17,6,29,22,4,7,10,11,10,4,6,11,7,3,7,9,7,12,8,1,1,11,6,6,9,1,12,8,6,5,7,32,9,7,14,17,4,14,20,13,45,23,49,7,6,58,3,11,10,40,6,33,46,3,5,15,9,1,29,10,5,20,29,13,30,12,13,8,10,3,4,9,45,23,8,27,14,11,4,7,14,9,30,2,9,34,23
SIMGENE0184,6,9,6,3,10,3,12,5,20,6,12,16,18,19,12,6,12,22,6,5,10,6,8,33,17,4,14,1,1,4,25,14,3,7,15,20,7,0,4,6,7,30,29,5,9,13,8,4,5,22,17,1,9,9,2,21,24,3,6,5,6,15,17,4,18,18,7,19,31,22,29,2,17,19,16,5,7,43,2,8,7,20,2,9,33,9,16,14,24,24,18,10,7,8,1,13,23,11,9,10,7,4,5,1,15,3,1,12,14,13,3,10,9,10,9,8,24,3,7,8
SIMGENE0185,3,1,3,3,9,6,8,2,3,3,8,2,3,16,2,6,7,3,13,1,2,5,10,1,3,1,12,6,2,5,2,5,1,10,11,5,6,6,2,3,7,13,5,8,10,3,9,26,11,4,1,18,22,7,7,29,5,2,1,5,10,22,12,7,16,5,13,5,7,7,3,11,2,9,19,4,10,7,5,3,4,10,4,2,9,1,1,3,1,5,6,3,3,2,2,10,8,6,3,7,4,4,8,10,7,9,7,6,7,5,12,12,9,10,4,12,7,2,6,7
SIMGENE0186,13,24,24,14,26,8,15,7,13,14,18,9,4,10,41,5,6,12,11,12,24,5,12,19,11,32,26,23,6,34,22,20,14,21,10,5,11,10,5,9,14,16,3,7,7,5,2,6,3,5,12,9,11,8,5,12,21,7,3,6,42,28,13,14,22,7,21,3,32,7,9,4,23,26,30,31,6,3,28,14,6,2,2,22,11,16,29,20,26,20,5,15,9,12,14,9,6,3,18,12,8,7,11,4,20,2,9,8,9,3,1,9,8,15,10,7,2,2,4,1
SIMGENE0187,1,2,2,1,0,1,3,0,0,2,1,1,1,2,1,1,1,1,1,1,3,2,1,1,1,3,4,2,2,2,1,3,2,1,1,2,1,0,2,2,2,1,1,0,1,1,2,2,2,2,2,2,1,1,1,2,1,0,1,1,0,0,2,0,2,1,1,1,1,0,1,2,1,0,1,1,0,2,0,2,2,0,1,1,1,0,1,1,1,1,2,2,1,2,1,3,1,3,2,1,2,1,1,2,1,3,1,1,0,2,1,3,2,1,2,2,2,3,4,0
SIMGENE0188,2,13,18,2,1,6,9,10,7,10,1,10,7,13,6,3,7,9,3,2,2,7,4,4,2,1,2,6,7,8,2,7,2,6,3,5,5,2,2,2,4,2,6,11,4,4,15,3,1,9,4,12,0,3,7,1,2,2,11,6,9,9,2,5,5,5,9,6,15,12,3,9,9,4,7,14,1,9,12,6,10,4,3,6,2,1,11,9,4,0,4,6,5,1,8,6,6,4,4,9,4,14,12,9,6,13,9,24,12,8,6,6,9,6,8,3,10,5,4,7
SIMGENE0189,2,2,2,4,3,7,2,3,3,2,6,5,3,5,2,5,4,2,3,6,5,2,9,1,4,4,2,1,3,2,1,5,3,1,1,2,1,0,6,6,1,5,1,2,4,2,3,0,0,2,4,2,2,3,1,1,1,1,2,2,4,3,2,6,4,2,4,7,3,3,10,1,4,2,6,9,1,4,4,1,4,2,3,2,3,2,2,4,3,3,2,3,4,1,1,3,2,1,2,3,5,4,4,12,4,10,1,5,5,1,3,5,2,4,5,10,3,5,4,2
SIMGENE0190,15,7,17,5,7,6,4,5,7,9,1,6,16,7,8,5,5,11,6,7,17,2,12,22,9,5,9,16,20,6,12,4,20,8,6,2,5,11,4,5,10,8,23,6,5,14,9,4,9,5,10,28,5,10,7,10,3,19,9,10,8,6,3,10,9,8,5,6,4,9,1,6,3,15,11,4,6,10,21,7,7,3,7,6,21,3,23,11,1,5,15,1,1,1,3,11,19,1,19,12,3,3,3,1,14,7,1,12,3,8,1,4,13,2,8,2,24,14,13,10
SIMGENE0191,8,6,8,7,8,10,5,4,3,5,2,4,12,5,2,2,4,3,8,6,1,3,2,3,2,4,4,3,2,1,3,2,1,1,7,2,2,4,5,2,0,4,6,2,2,1,0,2,4,3,4,2,1,1,1,3,2,6,2,0,2,1,1,0,7,1,3,3,2,4,1,4,5,4,3,1,1,4,2,1,2,2,6,2,3,13,3,8,6,5,14,5,4,5,3,9,12,1,6,3,3,4,14,2,2,3,2,2,2,3,0,2,7,6,6,1,1,1,1,0
SIMGENE0192,8,2,4,7,5,3,2,18,7,1,10,17,5,6,11,8,5,10,1,18,3,2,8,6,2,8,3,9,6,0,5,3,18,4,2,2,8,11,9,4,25,1,0,10,6,6,10,14,11,10,4,2,1,10,15,2,2,4,4,7,11,2,3,12,14,19,8,2,2,3,8,20,6,9,2,4,3,5,4,5,8,4,2,4,19,10,6,2,11,16,14,6,5,10,28,13,8,11,11,1,2,3,17,1,9,3,3,18,7,6,19,3,10,4,3,10,3,5,7,1
SIMGENE0193,5,6,2,19,5,2,11,6,7,5,8,12,7,2,8,17,6,6,7,3,0,3,0,2,10,5,1,2,4,1,3,2,6,4,1,6,10,10,2,2,3,9,3,1,1,0,1,6,4,5,2,1,9,6,9,6,2,4,1,3,4,1,4,1,6,1,6,2,2,5,2,8,1,2,9,3,3,4,1,5,7,5,14,6,8,6,3,5,11,8,8,4,8,2,3,2,11,5,6,5,2,2,12,3,2,4,4,2,2,3,4,3,4,5,4,1,4,3,2,3
SIMGENE0194,1,1,1,6,6,3,2,2,5,2,2,6,2,1,6,6,11,4,13,2,3,5,5,2,1,1,2,5,0,1,3,5,0,1,1,1,1,4,2,3,2,5,4,1,1,9,1,1,1,6,0,5,4,7,4,1,6,10,6,12,1,1,6,10,2,4,5,3,4,4,1,2,7,6,2,1,3,3,2,2,2,1,1,2,2,3,0,3,3,5,5,6,5,10,7,2,1,1,3,0,3,2,2,2,3,9,0,7,1,2,2,3,4,2,1,1,2,1,2,4
SIMGENE0195,23,21,8,12,11,22,3,10,3,7,14,9,3,4,3,18,14,10,25,16,21,11,12,5,16,12,6,11,19,14,18,4,15,13,9,15,43,1,30,2,22,2,9,18,11,6,8,12,3,3,7,19,8,8,24,11,14,28,12,6,8,12,2,10,7,5,7,5,9,2,4,6,9,5,4,6,12,6,7,6,48,15,24,9,20,37,13,6,24,12,35,9,5,12,6,6,21,16,20,9,8,5,17,41,14,20,8,2,26,11,15,1,10,4,24,8,15,32,24,5
SIMGENE0196,3,17,2,16,21,6,4,4,13,19,13,9,14,12,16,8,10,24,8,23,9,7,9,8,10,20,19,10,25,34,16,21,10,19,7,16,32,14,7,7,2,14,3,2,17,6,14,3,7,1,5,1,15,3,11,2,5,2,9,6,8,10,16,18,23,4,15,16,37,3,24,9,29,24,9,10,4,4,7,15,7,6,6,2,27,12,8,3,6,4,7,21,7,10,9,6,35,7,4,5,13,8,10,3,1,10,2,11,9,8,5,4,5,10,9,14,8,7,9,8
SIMGENE0197,26,4,4,3,3,3,7,5,6,17,8,2,8,8,8,2,3,4,12,5,12,15,12,5,4,5,9,3,8,2,17,17,9,2,14,5,3,16,12,6,9,13,12,6,8,8,5,1,9,3,8,2,3,9,7,9,7,5,12,5,12,7,11,16,4,13,3,7,13,18,10,5,21,22,11,9,6,3,16,4,6,18,4,1,12,9,12,3,10,9,3,13,1,8,4,12,19,5,5,7,7,1,7,5,12,3,3,5,6,20,6,11,4,17,4,4,10,10,9,11
SIMGENE0198,2,2,8,1,4,2,1,1,8,4,1,15,6,2,12,5,8,5,9,7,1,5,5,3,9,6,4,10,6,14,7,8,3,21,27,7,8,9,5,9,6,3,1,6,3,4,1,14,3,7,1,13,6,6,5,3,5,4,13,4,3,3,22,2,8,7,5,3,6,27,16,7,17,8,17,4,14,13,1,8,2,2,8,3,4,4,3,5,10,5,3,4,1,5,6,13,3,5,5,1,2,8,6,3,13,3,2,3,3,1,2,9,1,2,3,2,4,1,3,14
SIMGENE0199,10,10,10,9,13,14,33,21,15,25,14,24,9,2,14,14,8,13,3,17,2,3,4,21,6,27,3,8,19,38,9,15,11,15,0,15,13,6,12,2,22,18,14,10,16,2,14,37,6,8,4,13,2,11,24,3,10,18,11,1,32,7,31,4,15,15,13,8,18,4,16,3,13,10,30,27,14,10,6,23,28,8,10,4,1,19,11,1,7,14,9,5,24,18,7,15,5,7,17,4,23,7,8,2,2,22,14,5,17,34,12,8,9,4,9,4,9,5,10,34
SIMGENE0200,3,2,1,2,5,2,3,1,4,1,2,0,11,5,2,9,2,7,5,1,3,2,9,4,5,1,3,9,8,2,4,4,8,2,3,3,3,2,5,4,1,8,17,7,12,5,11,15,7,5,9,1,4,8,4,4,10,7,5,2,7,6,6,3,2,4,1,6,12,1,6,2,5,3,3,10,7,3,3,3,1,1,2,3,5,2,2,4,2,1,2,4,4,2,2,1,0,5,4,3,3,1,5,8,4,5,1,2,6,6,0,2,3,4,6,2,1,5,2,6
SIMGENE0201,17,5,25,12,5,5,38,16,34,8,4,4,32,4,17,6,11,12,4,10,10,4,12,20,30,14,16,4,10,14,5,13,14,13,23,1,10,6,8,10,12,9,2,10,15,18,6,20,34,18,24,13,4,12,4,6,1,20,18,14,11,13,1,10,12,7,5,8,1,12,6,7,8,7,8,3,2,12,6,6,11,6,9,9,19,10,3,15,4,8,10,17,19,11,5,10,11,4,9,8,5,15,1,17,6,13,3,5,18,3,3,9,8,4,7,10,1,14,6,4
SIMGENE0202,6,4,1,6,6,6,3,4,7,0,2,0,5,8,7,4,1,16,3,11,5,3,5,4,6,8,5,4,5,5,11,1,1,3,2,9,6,8,1,7,3,10,8,6,7,10,1,1,3,2,9,9,20,10,7,8,11,8,13,14,1,14,6,9,4,1,1,14,5,5,9,15,7,5,10,3,9,9,12,8,6,10,8,17,10,9,7,19,8,10,4,1,3,4,9,8,5,11,7,21,2,0,1,3,11,4,2,7,8,2,2,6,4,14,5,7,8,1,9,2
SIMGENE0203,10,2,5,3,5,3,1,2,2,3,3,3,0,4,3,4,4,5,11,5,10,2,1,2,1,1,4,2,1,5,3,6,3,2,2,3,4,4,4,8,5,3,4,3,4,4,8,9,2,3,13,4,8,8,5,3,2,1,3,5,10,6,14,4,8,20,12,5,1,5,3,5,2,2,4,1,5,5,7,7,2,2,3,6,4,7,5,4,1,1,2,3,5,7,2,3,10,3,4,0,5,3,5,1,2,4,8,8,1,6,3,6,2,3,14,2,3,4,6,3
SIMGENE0204,13,6,1,18,9,3,8,2,6,7,4,28,9,7,2,35,1,1,8,28,8,6,4,20,15,5,4,10,5,24,6,4,9,6,3,8,5,3,9,6,6,12,9,17,4,19,22,11,2,11,17,5,8,12,3,8,8,8,4,5,23,13,7,11,36,13,8,16,11,3,6,8,28,30,4,8,37,7,10,1,1,1,11,8,11,8,18,29,6,8,13,9,9,17,23,14,8,2,4,16,37,12,8,14,8,0,14,9,5,9,11,4,7,17,7,3,15,10,3,6
SIMGENE0205,13,3,4,4,2,13,2,4,8,5,22,4,11,9,9,4,4,5,6,5,3,2,16,27,11,10,4,8,3,7,5,12,2,1,3,11,2,3,5,5,15,7,2,3,0,34,6,14,13,5,10,16,10,6,8,3,4,9,0,7,21,11,0,11,16,6,14,3,5,10,12,6,4,4,14,2,11,3,9,6,2,18,14,9,3,11,9,0,6,5,11,4,7,12,6,4,5,16,9,15,9,13,26,4,8,4,3,13,13,4,4,16,14,9,10,11,22,9,20,4
SIMGENE0206,0,19,13,5,1,13,8,2,2,1,10,13,3,6,1,4,10,10,2,11,6,13,10,1,9,21,7,11,11,16,8,8,16,7,3,23,28,5,9,9,27,3,5,4,15,11,43,22,8,1,6,4,8,10,5,8,7,17,6,13,6,7,18,4,15,60,2,30,2,6,19,1,4,5,11,15,17,10,11,8,14,6,7,17,8,5,5,9,5,7,6,10,19,4,11,5,4,12,11,10,20,12,12,11,4,15,7,21,9,14,7,7,22,14,23,15,18,2,29,14
SIMGENE0207,5,2,10,3,7,8,6,2,4,1,9,6,4,7,6,9,6,3,4,11,3,2,4,4,3,7,3,1,2,1,12,5,3,0,3,10,2,3,2,1,5,2,11,4,5,7,2,1,5,4,1,2,3,2,6,16,7,1,5,1,3,2,7,7,7,7,2,6,9,7,1,5,4,3,7,3,3,1,4,9,11,8,4,1,9,4,3,8,2,13,7,4,5,11,1,1,6,1,2,7,3,6,8,8,2,7,8,12,5,10,9,2,8,10,8,1,1,4,2,3
SIMGENE0208,10,3,15,22,19,4,26,21,4,5,18,22,5,5,7,29,20,18,24,2,14,13,4,9,6,29,5,7,5,7,4,6,6,8,1,6,3,3,0,1,12,19,11,9,14,9,11,5,9,6,11,6,10,11,17,14,26,9,11,1,3,1,7,14,11,13,5,10,13,2,32,6,1,22,7,9,18,18,3,12,6,8,18,3,1,10,5,8,9,9,7,15,9,9,4,19,6,19,6,4,9,14,22,10,1,33,3,16,5,13,39,1,7,20,14,16,7,8,8,3
SIMGENE0209,14,6,9,1,1,2,2,11,2,6,2,2,1,1,5,8,2,9,3,3,5,18,8,5,13,1,3,2,4,3,4,2,8,1,7,2,5,2,4,0,5,3,4,4,2,4,4,5,5,4,9,1,2,1,3,3,0,2,2,5,6,11,0,7,1,2,9,10,6,6,4,6,3,3,3,5,10,2,7,3,8,11,1,1,3,1,5,5,1,1,3,3,6,4,4,4,1,4,2,2,14,1,2,2,5,2,10,3,3,6,3,1,4,3,11,13,10,3,3,10
SIMGENE0210,21,13,5,2,22,5,2,5,27,9,17,5,12,7,8,6,6,1,10,11,8,2,4,6,14,2,15,5,13,18,3,9,5,6,5,14,12,5,4,5,12,9,6,12,5,4,6,3,12,3,6,1,15,6,6,9,10,4,3,9,4,12,8,5,5,5,14,14,12,8,11,3,9,12,33,4,11,7,22,2,4,4,1,7,6,4,7,4,28,1,4,11,15,10,7,6,8,2,10,2,7,4,5,2,8,0,7,1,5,8,5,6,2,3,4,10,6,1,6,6
SIMGENE0211,19,10,6,6,7,8,2,17,5,31,19,10,7,20,1,3,18,17,19,10,15,17,7,2,12,7,24,6,6,7,15,13,8,9,6,18,11,8,7,11,10,6,5,52,11,7,16,7,5,5,13,23,5,16,12,11,16,13,13,11,3,2,3,18,3,6,3,4,7,3,4,3,3,3,10,3,7,11,6,5,6,14,11,11,0,3,3,5,5,3,9,15,16,4,13,3,16,2,3,15,14,2,4,2,10,8,17,2,7,6,9,13,14,2,8,9,7,13,12,17
SIMGENE0212,1,3,3,1,3,6,4,4,7,4,1,5,2,8,1,1,3,1,1,3,1,3,3,3,0,2,2,1,1,1,4,2,1,4,11,2,1,0,5,1,1,0,1,2,1,1,0,1,1,1,2,2,3,1,6,0,1,2,3,2,1,3,5,0,4,3,3,3,2,2,1,10,2,1,1,1,2,2,1,2,3,0,4,4,2,9,3,2,2,1,1,2,2,11,5,1,6,1,5,1,0,1,2,2,1,1,2,0,2,2,6,1,1,1,2,1,2,3,1,1
SIMGENE0213,13,6,7,5,7,10,8,6,15,5,7,4,19,9,14,11,7,12,2,2,1,10,1,15,23,8,6,11,25,5,17,4,7,18,10,4,3,16,4,6,7,0,3,2,2,3,3,2,11,2,2,5,4,2,2,5,7,5,2,4,8,2,3,0,3,8,10,3,1,4,5,10,4,4,3,17,3,5,12,11,8,5,6,6,15,14,2,7,1,7,3,4,12,6,3,4,23,6,4,8,16,15,14,2,3,2,4,10,6,3,12,4,18,1,13,8,2,4,18,1
SIMGENE0214,3,5,10,4,13,3,1,10,6,5,9,15,2,12,1,2,4,2,3,11,26,5,2,10,3,15,4,2,10,6,18,9,25,2,4,0,8,6,1,8,5,4,9,17,3,8,7,7,9,10,7,11,7,6,18,5,21,5,9,17,5,15,11,13,9,17,7,8,7,11,6,6,7,3,7,12,0,7,9,2,5,6,28,14,1,13,12,5,9,4,6,12,11,18,17,3,3,9,5,7,0,12,7,4,14,7,3,30,12,6,2,2,25,13,14,9,18,14,5,6
SIMGENE0215,9,2,3,5,2,10,6,7,3,4,12,15,6,6,4,16,7,4,2,11,2,2,2,1,7,1,3,2,6,3,8,4,4,6,1,5,2,5,2,1,1,2,2,11,5,3,2,1,4,3,1,10,1,4,1,2,4,3,13,5,4,5,2,1,0,6,1,6,2,3,3,2,2,3,4,4,1,4,9,4,2,9,3,3,4,5,8,1,4,1,3,3,0,5,6,1,2,4,5,7,6,6,3,15,5,11,9,8,2,20,7,2,3,5,9,1,2,8,6,2
SIMGENE0216,4,14,13,14,22,12,6,8,13,2,4,18,7,5,9,20,15,15,4,7,1,7,7,7,15,11,14,5,3,10,14,6,24,4,19,21,7,2,15,6,16,5,2,2,24,7,14,9,8,9,22,11,8,15,7,16,23,5,7,7,10,7,8,11,8,13,19,12,11,26,1,8,11,15,21,3,17,13,30,2,18,2,3,10,3,11,5,12,9,5,16,14,7,7,3,6,4,4,5,1,25,18,11,14,7,9,5,9,6,15,14,11,5,14,6,12,21,9,6,3
SIMGENE0217,3,3,5,2,2,1,4,2,4,5,3,2,3,6,2,2,5,2,2,2,1,2,1,1,1,2,3,2,2,2,0,2,2,3,2,1,1,2,1,0,0,1,2,2,3,12,2,2,1,3,1,2,3,2,1,2,4,3,5,1,1,1,3,1,1,1,1,6,2,1,3,3,2,3,2,1,3,1,3,6,0,1,2,1,1,1,0,4,2,1,1,2,2,2,0,2,0,1,1,1,1,3,1,4,5,6,7,2,2,2,4,3,2,1,0,5,5,2,1,0
SIMGENE0218,6,1,2,4,2,3,3,2,5,5,12,0,1,4,6,3,1,3,2,1,5,7,8,6,3,1,1,4,1,4,1,6,1,3,4,1,2,3,4,4,2,3,1,5,3,6,5,1,0,3,4,5,0,3,2,3,5,7,2,2,0,1,1,1,2,3,3,3,1,2,3,3,12,3,3,2,0,3,1,6,3,1,2,3,4,1,2,3,4,1,8,1,3,4,1,3,5,2,1,0,4,1,1,1,1,2,6,2,4,1,2,4,5,5,11,3,1,1,1,5
SIMGENE0219,7,8,8,5,6,7,5,3,9,4,11,7,6,16,10,3,9,6,5,12,32,22,6,12,6,7,28,13,17,11,11,8,20,8,16,16,15,19,24,33,3,0,15,30,6,6,15,3,5,18,8,13,3,2,10,5,6,7,16,14,10,3,16,5,3,16,4,2,10,2,18,15,9,9,9,4,1,3,9,2,3,1,3,20,6,19,1,14,3,8,2,12,5,38,3,21,7,2,6,7,2,8,11,10,4,7,17,4,8,12,7,5,8,2,4,3,13,6,10,4
SIMGENE0220,3,4,1,1,4,1,22,7,4,1,6,1,1,3,3,7,1,10,5,6,9,4,2,6,13,4,8,3,3,3,1,6,9,18,27,7,24,1,4,5,3,3,3,6,9,9,2,1,3,8,3,6,6,5,2,4,6,7,6,0,8,9,3,2,3,4,7,3,2,1,17,8,1,2,12,7,7,8,8,5,4,10,9,7,3,1,4,15,23,6,9,9,3,3,7,4,1,5,5,5,3,1,4,1,3,7,2,6,8,4,1,2,2,1,9,5,3,2,7,3
SIMGENE0221,3,5,3,3,6,12,16,24,5,7,3,12,3,5,1,3,10,11,1,11,19,15,1,13,3,7,5,5,9,8,5,17,5,4,9,10,16,3,8,16,3,6,23,7,6,12,6,4,19,11,2,7,1,14,20,4,5,4,6,4,3,15,14,14,3,5,1,12,4,1,10,4,2,3,7,7,2,6,8,9,10,8,4,13,9,5,7,6,8,53,12,11,3,7,21,4,27,4,6,5,19,11,25,4,4,14,3,8,2,11,24,10,6,13,4,9,8,3,11,0
SIMGENE0222,4,19,3,6,6,4,5,7,3,9,8,4,4,11,5,11,2,7,4,14,7,2,6,1,20,3,9,7,2,8,15,2,11,5,20,13,2,6,7,8,3,5,8,4,4,3,0,11,7,11,1,6,15,1,9,14,5,3,16,8,1,11,6,9,3,4,4,2,12,23,8,11,5,11,6,2,12,12,6,12,4,7,3,9,1,3,1,10,0,3,4,8,4,7,10,2,3,8,3,6,4,0,8,2,10,4,5,5,4,6,1,4,5,8,6,2,2,2,7,4
SIMGENE0223,11,5,1,9,4,4,9,3,10,4,6,2,11,2,3,6,1,5,23,6,9,12,3,18,17,2,15,13,5,9,6,9,6,16,16,11,12,4,34,14,3,4,2,11,3,5,10,5,10,3,3,0,15,9,7,2,1,4,0,5,8,3,0,1,15,8,1,0,6,6,3,14,3,15,4,3,17,6,5,14,4,15,9,26,16,7,7,2,7,12,3,6,24,2,9,4,8,16,3,5,5,14,5,1,4,13,6,6,8,5,9,11,2,17,4,3,10,5,3,13
SIMGENE0224,4,2,4,1,1,3,6,2,5,0,2,4,2,9,10,6,2,2,4,6,4,0,2,8,3,2,5,3,9,7,2,0,2,3,10,6,6,3,8,5,5,9,5,6,1,3,5,3,6,13,2,4,11,2,16,2,6,6,3,4,5,3,6,7,3,2,5,9,3,6,5,6,4,9,13,3,1,1,6,6,5,2,1,6,10,4,4,4,7,2,3,8,11,1,7,11,9,4,6,14,7,8,4,6,8,5,7,2,4,10,4,1,3,8,10,9,6,2,2,3
SIMGENE0225,4,3,2,0,3,2,5,7,3,2,2,4,2,11,11,2,2,6,5,2,2,4,2,2,5,1,1,6,3,4,5,8,11,5,2,6,3,3,5,4,2,8,1,3,1,3,3,4,6,3,10,2,5,4,1,8,2,2,4,7,7,2,4,6,2,6,3,4,3,6,4,7,2,5,3,5,4,3,4,6,4,1,3,1,1,4,5,9,6,2,8,3,1,4,1,0,1,8,2,6,4,2,10,4,4,4,6,2,3,4,4,3,4,5,3,2,8,13,8,9
SIMGENE0226,15,18,13,25,6,32,11,10,20,2,43,18,41,5,7,23,16,14,5,30,10,6,6,10,16,28,13,8,6,14,6,18,1,9,11,1,10,18,10,8,22,6,6,12,12,6,5,17,12,5,8,15,25,6,4,9,12,14,30,16,10,18,9,8,41,31,7,7,13,1,7,15,2,19,18,7,13,7,19,17,28,10,14,11,16,8,22,5,7,1,13,15,3,16,4,5,13,2,16,7,12,4,21,13,4,14,19,9,3,13,8,1,2,8,9,16,43,9,2,11
SIMGENE0227,0,2,3,2,2,2,0,2,3,2,3,1,1,1,3,0,1,2,2,1,4,3,4,2,3,3,1,2,1,1,4,3,3,1,1,1,3,6,1,5,6,2,1,3,5,4,2,7,8,1,4,2,2,4,4,0,5,1,7,5,2,2,1,5,3,2,3,2,2,3,1,1,12,3,2,2,6,0,3,1,1,2,2,3,3,2,2,2,4,1,7,4,3,2,2,5,4,2,3,4,2,1,1,2,1,1,1,1,0,1,2,1,3,1,1,1,2,4,1,2
SIMGENE0228,2,5,0,1,3,0,0,1,2,7,2,0,6,4,2,3,2,1,2,0,1,2,4,4,1,2,3,2,8,3,4,6,2,1,3,6,3,3,4,5,5,3,2,3,3,5,6,4,3,0,1,1,2,2,3,1,3,2,5,2,1,0,2,1,1,1,1,2,1,1,0,2,2,2,1,2,2,1,1,2,1,2,1,4,1,3,3,1,2,6,1,6,2,3,3,4,7,1,1,2,3,3,0,1,1,1,3,2,2,1,4,0,3,1,5,1,2,0,0,2
SIMGENE0229,1,1,3,1,3,1,3,0,3,10,2,4,3,3,2,2,3,1,2,1,1,2,2,1,2,1,4,3,2,1,1,4,2,2,1,5,1,1,1,2,2,1,2,3,1,5,1,1,1,3,4,7,3,1,1,1,3,5,1,3,1,1,2,3,2,1,1,1,1,3,0,3,1,3,2,2,1,1,2,2,1,2,3,5,1,1,2,1,1,1,0,2,7,4,1,1,1,0,1,2,5,7,12,3,2,3,3,2,3,4,2,2,3,5,6,2,3,9,5,14
SIMGENE0230,19,8,2,6,12,3,1,2,0,2,2,2,5,8,1,4,1,2,3,4,6,4,1,3,6,1,1,8,12,2,10,6,11,3,2,15,15,4,4,6,8,7,4,3,6,24,3,6,5,2,8,17,10,9,6,3,8,2,6,8,9,7,1,3,2,9,1,7,4,12,15,8,1,6,3,9,1,4,2,3,10,14,9,6,8,20,6,29,7,8,11,14,2,15,6,10,7,3,9,9,3,10,3,3,3,7,4,2,7,4,8,9,7,1,9,7,7,4,5,1
SIMGENE0231,12,8,13,1,16,7,2,2,10,15,25,2,15,7,1,13,6,7,10,6,14,4,11,5,5,5,2,6,15,4,4,2,15,3,6,6,18,4,6,6,4,6,8,5,22,9,6,5,9,23,8,1,12,7,3,5,11,5,9,4,3,7,3,6,9,5,14,4,10,19,2,5,6,14,6,23,7,9,7,4,2,12,7,16,4,4,20,14,16,8,8,23,8,6,7,1,16,1,5,13,1,5,3,6,23,11,4,9,7,7,5,11,7,1,5,17,6,4,10,6
SIMGENE0232,14,22,20,4,19,9,25,8,10,15,8,8,12,6,2,10,13,4,13,16,3,6,8,18,6,8,7,7,5,8,14,2,13,14,7,6,4,3,16,16,4,9,3,1,19,7,4,8,1,3,2,5,4,13,9,6,7,3,5,2,6,11,18,4,23,11,13,7,13,6,3,9,8,7,5,6,11,12,16,21,10,16,27,38,5,19,25,7,14,4,26,11,7,4,13,8,5,13,10,7,15,12,14,2,18,3,1,9,6,8,5,4,5,14,11,3,10,14,6,7
SIMGENE0233,1,6,4,0,1,4,2,1,1,0,1,4,4,0,1,0,3,2,3,1,2,3,2,0,2,2,4,3,2,1,0,1,1,2,1,1,1,1,2,1,4,0,5,1,1,1,2,1,3,3,6,1,2,0,1,1,1,2,1,5,2,1,1,4,1,4,7,9,4,4,1,3,6,3,1,2,4,1,3,5,2,1,0,1,2,1,0,1,1,1,1,2,0,2,1,3,2,2,2,1,5,1,8,2,0,5,1,1,1,2,2,3,3,6,3,1,2,1,4,2
SIMGENE0234,17,4,20,12,2,5,6,9,10,1,12,2,3,11,3,24,25,26,19,5,5,3,26,15,7,9,16,17,10,10,16,15,11,9,1,4,4,8,4,3,17,7,8,6,3,9,3,1,9,4,2,4,20,7,4,6,27,6,3,3,2,13,10,7,15,25,20,6,6,4,11,12,18,19,28,21,17,8,12,7,8,10,5,5,11,8,6,4,1,3,8,3,3,6,5,12,2,3,3,17,5,8,1,6,1,4,11,6,8,1,8,8,10,8,11,6,1,3,9,6
SIMGENE0235,1,0,1,1,2,1,2,1,3,2,0,1,1,0,1,0,1,1,1,3,1,5,1,1,1,3,0,1,1,2,4,4,3,2,2,1,4,2,1,2,2,2,1,2,2,1,1,1,1,1,1,0,1,1,1,0,1,1,0,1,2,1,2,0,2,1,1,1,1,1,0,2,2,0,0,2,1,1,1,1,2,1,3,1,1,0,0,2,2,2,1,6,1,1,0,1,2,1,2,1,3,1,2,1,1,1,2,0,0,0,1,1,2,3,4,0,2,0,1,5
SIMGENE0236,0,0,0,0,1,1,0,1,0,1,1,1,0,0,0,3,1,0,0,1,1,1,0,1,0,1,3,0,1,2,0,1,1,0,0,1,0,1,1,0,1,2,2,2,1,1,1,1,1,1,1,0,0,1,0,3,0,3,1,1,0,0,1,1,1,1,4,2,2,1,1,1,4,1,1,0,1,2,1,1,1,1,1,1,1,0,1,1,2,0,1,1,0,1,2,0,3,2,1,3,0,2,2,2,2,2,0,0,2,2,3,1,2,1,1,1,1,2,0,2
SIMGENE0237,11,14,10,3,29,22,2,6,19,9,4,7,12,4,9,8,3,3,17,2,11,2,2,5,4,15,3,4,3,8,4,7,1,4,2,3,22,18,4,0,2,4,6,12,4,2,13,8,14,9,7,1,4,3,4,4,1,5,4,2,4,5,9,5,13,10,13,5,7,17,2,32,2,2,3,1,16,14,13,9,4,2,2,13,7,1,12,5,14,8,5,2,16,8,5,1,5,5,6,3,13,3,9,4,16,8,21,3,9,10,16,9,3,1,3,27,4,5,17,25
SIMGENE0238,1,5,8,3,4,3,2,1,8,5,4,6,7,3,4,7,3,6,3,9,2,6,1,3,5,3,2,3,5,1,4,3,5,7,1,1,4,3,4,1,5,0,1,1,3,8,4,1,3,3,1,2,4,1,3,4,1,6,2,2,13,5,9,3,1,5,3,6,2,7,18,2,2,2,2,7,4,8,10,2,1,7,6,9,2,7,5,2,3,5,11,2,8,6,4,1,8,1,11,4,3,13,6,7,1,0,2,0,6,3,2,4,5,4,2,0,8,6,3,5
SIMGENE0239,0,1,2,2,1,0,1,1,2,1,1,2,1,1,1,0,1,1,1,2,0,2,1,1,2,1,2,0,0,0,1,1,1,0,0,1,3,1,1,0,2,1,2,2,1,1,1,1,1,0,2,0,1,3,2,1,0,1,2,1,1,1,1,2,0,1,1,1,1,2,1,1,0,1,1,1,0,1,1,1,0,0,0,1,1,0,0,1,1,1,1,1,1,1,1,0,1,1,1,1,0,1,2,0,0,1,0,0,0,0,2,1,1,0,1,1,0,2,0,0
SIMGENE0240,1,4,4,7,8,7,14,3,15,3,2,6,9,7,2,2,3,3,6,1,1,12,7,13,15,6,10,2,6,3,6,2,5,8,11,2,5,3,15,7,9,4,8,5,2,6,10,6,14,9,5,11,8,4,1,6,4,12,10,12,5,4,3,3,6,3,6,6,3,10,3,3,5,5,2,3,2,1,1,8,3,7,14,12,3,3,14,4,7,19,3,15,13,5,14,14,2,2,24,6,3,5,4,4,4,3,1,3,4,3,1,7,1,4,5,3,1,4,4,12
SIMGENE0241,1,14,10,1,5,13,5,15,1,3,5,5,2,2,12,5,7,16,5,12,11,0,12,11,16,43,20,8,13,4,8,6,17,6,6,13,13,3,6,11,10,6,13,28,6,13,4,21,3,4,3,2,6,6,4,7,29,2,29,8,9,15,8,7,2,5,7,30,11,9,11,13,22,16,2,2,3,5,2,9,6,9,11,13,4,20,10,16,7,12,12,20,11,7,9,9,4,8,25,11,10,11,9,3,10,2,11,2,5,2,10,4,21,3,5,2,4,8,2,12
SIMGENE0242,2,1,2,2,0,2,1,4,1,1,1,0,3,1,0,4,2,0,1,2,2,1,2,1,0,0,5,3,5,1,1,1,3,2,7,0,2,2,2,1,2,1,1,2,1,2,1,1,4,1,1,4,0,2,2,0,2,2,3,3,1,1,0,1,4,2,1,3,1,0,1,0,4,1,2,2,2,0,3,0,2,1,2,2,0,1,4,1,0,1,2,4,1,2,0,2,1,1,2,1,1,0,2,1,1,0,1,1,0,0,0,0,1,1,1,2,1,3,1,1
SIMGENE0243,9,7,19,9,8,11,19,10,8,2,19,2,20,4,21,8,2,44,8,4,17,4,13,11,3,9,16,5,18,5,12,7,11,7,32,5,11,8,5,3,11,7,2,9,2,3,3,14,2,5,3,12,8,2,2,8,4,3,3,7,9,5,15,8,6,4,3,2,4,10,2,4,1,3,4,1,3,7,5,3,5,12,1,1,2,4,5,2,9,9,1,6,15,9,9,2,7,2,2,4,4,7,5,5,3,3,12,3,11,3,7,10,12,11,3,10,4,1,5,9
SIMGENE0244,0,3,7,1,2,2,4,1,3,4,3,5,2,2,1,4,1,3,3,1,1,2,5,3,2,4,1,3,4,4,1,2,3,1,6,4,2,3,6,3,3,1,0,1,1,1,1,2,3,2,1,6,2,5,2,6,2,3,7,1,3,1,1,4,1,1,1,8,4,3,2,3,2,2,7,7,1,5,2,2,2,2,5,1,3,3,10,2,2,1,3,6,1,4,3,2,3,5,1,1,2,1,1,0,3,1,1,1,4,0,2,3,0,2,0,2,0,4,5,1
SIMGENE0245,22,10,15,20,12,5,16,9,1,7,7,7,17,10,11,1,3,7,5,8,11,30,14,13,17,4,5,18,28,29,22,9,6,6,3,25,19,11,4,2,12,25,9,11,17,9,22,39,21,14,4,25,31,38,15,16,51,10,19,17,7,10,3,8,8,4,6,11,8,6,28,4,12,10,6,8,5,6,5,13,11,17,8,11,46,27,14,12,18,6,4,43,5,5,9,32,4,19,9,9,2,3,4,9,12,4,40,4,18,17,5,8,4,7,12,9,7,9,6,7
SIMGENE0246,4,1,3,2,7,1,1,2,1,1,3,6,1,3,0,5,3,5,1,1,1,1,1,2,1,1,1,2,1,1,4,4,2,2,1,1,3,3,1,1,2,6,2,1,7,2,4,3,4,3,1,1,7,11,3,4,2,5,6,6,1,1,4,2,2,7,2,3,3,2,2,2,3,1,1,0,4,2,2,6,1,1,3,1,1,2,2,2,3,3,1,2,0,4,1,1,3,1,2,0,3,5,5,2,4,3,2,4,3,5,4,2,6,2,1,2,2,4,2,1
SIMGENE0247,10,14,6,13,11,6,6,3,9,6,23,20,5,1,8,6,4,1,16,6,17,14,29,14,23,14,20,23,15,4,9,9,9,11,4,5,11,15,5,6,28,8,13,6,4,18,24,13,22,6,15,13,27,5,13,29,17,33,12,3,6,10,5,21,9,14,10,3,1,51,12,15,19,3,12,11,4,11,15,10,13,49,6,19,21,1,18,6,2,7,27,6,3,13,5,6,10,1,29,12,9,20,4,16,10,16,27,10,7,18,6,1,3,27,22,19,20,4,7,32
SIMGENE0248,20,15,18,20,8,25,8,12,2,3,20,38,8,11,20,22,18,6,16,12,25,8,5,11,9,16,13,28,5,26,11,31,6,32,6,4,20,14,5,18,9,14,13,11,10,3,8,19,32,2,23,12,10,40,33,4,6,8,3,12,7,24,4,11,9,5,43,1,10,15,4,2,4,5,4,9,11,20,5,15,9,28,42,7,12,22,9,14,2,11,73,9,15,19,7,4,12,5,16,7,15,8,6,11,3,2,9,2,11,8,4,11,10,11,15,16,12,15,33,13
SIMGENE0249,6,13,3,5,1,5,2,0,4,2,1,5,4,2,4,3,5,2,12,3,3,3,1,8,16,24,9,5,1,10,6,4,2,6,9,3,9,4,7,12,6,12,2,1,5,14,10,6,7,6,6,10,8,0,5,5,4,5,6,8,8,8,1,5,1,3,5,7,17,5,5,4,3,6,2,6,5,16,2,5,4,3,2,2,4,4,4,4,7,7,0,7,4,13,3,0,4,4,3,4,1,10,3,5,12,5,6,4,2,3,2,5,5,2,3,6,13,14,4,12
SIMGENE0250,2,10,6,12,1,9,11,7,3,4,5,11,18,5,3,3,3,9,1,12,3,3,1,3,3,2,6,1,4,6,2,4,1,8,1,2,2,2,2,3,4,5,4,2,0,2,6,9,2,1,7,2,4,6,8,4,6,2,9,1,1,1,5,20,8,4,1,8,5,6,5,7,1,6,3,3,2,8,10,5,6,10,4,3,3,6,4,5,1,7,9,3,2,1,6,1,1,2,5,2,0,4,5,9,6,1,10,7,1,2,4,5,8,13,4,3,11,1,6,7
SIMGENE0251,6,10,1,9,26,19,25,12,20,21,4,8,23,10,9,2,15,16,11,4,12,11,2,19,2,16,9,6,19,33,7,17,27,8,6,3,22,21,26,3,5,6,2,4,10,15,8,12,8,10,12,7,16,3,16,12,4,9,4,8,19,6,4,7,29,6,6,6,24,24,8,5,9,8,15,11,14,7,4,8,22,10,4,4,3,4,11,3,11,31,9,17,2,15,6,4,13,18,13,6,13,21,12,3,2,7,21,7,8,6,29,7,13,2,12,41,23,2,32,5
SIMGENE0252,0,1,0,1,0,1,0,1,0,1,0,1,0,0,1,1,1,0,1,1,1,0,0,1,1,0,1,2,1,1,0,1,0,1,1,0,1,1,1,1,1,0,0,1,0,0,1,0,0,0,0,0,0,0,0,0,1,1,1,1,0,1,1,0,1,1,1,0,1,0,2,0,1,1,0,1,1,1,1,1,0,0,0,0,0,0,1,0,1,0,0,0,0,1,0,1,0,0,0,0,0,0,1,0,0,1,1,1,1,0,1,0,0,0,1,2,0,0,1,0
SIMGENE0253,12,7,5,3,11,10,10,6,1,2,13,14,10,27,21,1,4,11,1,16,3,9,14,10,13,1,3,5,7,4,6,6,20,15,6,4,5,4,3,3,13,5,25,17,11,11,14,0,8,6,3,7,3,2,3,1,6,12,2,5,5,5,10,7,5,1,10,13,6,6,15,10,17,14,19,2,12,13,15,3,15,20,13,4,6,1,7,28,4,9,4,5,4,5,7,5,10,5,7,9,7,7,22,23,8,9,5,8,17,14,10,11,2,3,17,19,3,9,1,11
SIMGENE0254,2,1,2,0,3,3,0,4,3,1,1,1,2,0,2,3,1,3,4,0,2,2,1,1,0,2,1,0,2,1,1,2,2,1,2,1,2,1,3,3,2,1,0,0,0,2,1,2,1,1,3,1,0,1,2,0,1,1,1,1,0,1,2,0,0,0,2,2,2,2,0,0,1,1,0,1,0,1,1,2,0,2,0,1,1,1,1,1,2,0,1,1,1,1,1,2,2,5,1,1,2,1,1,1,1,1,2,1,2,1,2,1,4,1,1,1,2,2,1,2
SIMGENE0255,11,8,19,9,20,22,24,15,13,4,25,23,17,6,14,18,21,12,7,5,4,8,2,12,13,17,15,14,2,9,18,9,20,19,4,8,21,6,16,14,7,17,14,6,7,15,17,2,4,10,4,13,18,10,10,15,15,1,3,3,6,23,26,8,8,16,6,14,7,5,23,42,23,22,14,29,3,20,4,13,13,13,14,13,4,9,2,27,7,7,34,3,11,9,5,3,7,12,14,7,6,11,21,34,3,17,12,10,4,5,3,2,3,24,29,11,5,2,10,8
SIMGENE0256,3,4,9,8,4,5,4,7,9,33,4,4,2,20,10,5,7,9,16,26,5,11,33,8,13,4,8,11,4,15,10,17,7,18,23,25,12,7,13,9,10,1,7,11,11,6,4,3,10,4,2,3,2,1,6,1,3,9,1,6,6,13,4,4,8,13,12,5,4,13,9,10,13,4,11,6,2,7,2,10,3,6,4,6,10,2,3,17,5,11,10,22,8,24,4,2,6,4,17,7,14,6,20,27,9,3,2,15,5,3,4,18,4,4,26,5,6,5,3,5
SIMGENE0257,18,3,4,2,4,8,18,3,10,11,5,6,11,18,2,7,6,1,3,5,1,1,2,3,9,2,3,8,7,1,6,2,1,9,1,1,1,7,3,4,9,4,2,1,2,2,12,3,3,4,2,2,5,3,1,4,2,1,2,0,9,5,4,10,5,2,10,13,1,2,24,7,5,21,6,5,5,6,8,7,1,2,11,6,2,6,1,13,1,8,7,4,3,9,1,8,2,4,3,4,3,9,4,6,4,9,5,6,2,8,3,9,7,3,2,2,6,1,8,10
SIMGENE0258,7,3,6,11,1,5,7,5,15,12,3,4,1,5,2,6,3,8,10,7,10,1,3,0,5,2,3,7,7,0,7,5,14,3,2,4,4,8,5,11,11,6,2,3,9,2,1,14,1,4,9,0,13,9,4,17,6,2,3,6,12,14,3,17,2,7,8,7,3,5,15,3,7,3,5,3,6,12,5,2,1,0,17,1,1,15,3,17,1,3,14,5,16,8,3,4,3,3,13,18,10,9,6,3,7,4,5,5,3,9,8,1,8,3,7,5,4,3,12,2
SIMGENE0259,1,2,0,1,0,1,1,0,0,0,2,0,0,0,1,0,1,1,1,1,0,1,0,1,0,0,0,0,1,1,1,0,1,1,1,1,1,1,0,0,1,1,0,1,0,1,1,1,1,0,1,1,1,1,1,0,1,0,0,0,1,1,0,1,1,0,0,1,0,1,1,0,1,0,0,0,1,0,1,1,1,1,1,0,1,1,0,0,0,1,0,1,0,0,0,1,1,0,1,0,1,1,1,1,0,0,0,1,0,1,0,0,0,1,0,1,1,0,0,1
SIMGENE0260,5,1,3,4,2,13,4,4,1,21,25,19,7,11,2,1,3,4,12,8,3,12,3,3,5,8,3,13,10,6,2,9,5,2,3,4,3,13,7,16,2,14,1,3,7,15,8,6,7,10,12,8,1,3,1,12,7,10,1,12,10,10,15,2,0,12,15,9,5,4,11,2,4,6,3,18,11,1,10,2,17,15,4,14,4,4,5,18,6,3,7,8,6,3,11,12,5,2,6,14,3,9,2,8,10,4,7,7,5,5,6,5,24,2,2,5,8,2,19,11
SIMGENE0261,4,2,4,1,3,5,1,5,2,2,1,3,1,3,2,2,0,5,2,1,5,2,4,1,2,3,3,8,2,1,1,1,2,0,3,3,6,1,0,1,4,2,1,1,3,1,0,1,2,1,0,2,1,1,1,6,2,0,1,1,3,1,2,8,5,2,2,1,1,1,1,3,1,1,3,2,1,1,2,3,1,2,2,4,1,3,0,2,3,1,1,2,2,3,1,0,2,4,2,4,3,1,2,5,1,1,1,1,4,3,0,1,6,2,0,1,1,1,2,2
SIMGENE0262,3,6,1,7,2,5,7,5,14,4,1,1,5,8,2,2,4,7,3,5,4,2,18,3,4,1,7,18,4,6,19,5,6,4,3,10,2,4,3,3,3,10,4,3,5,5,5,7,3,8,7,4,7,3,5,1,11,3,6,7,3,9,10,7,4,1,1,6,10,8,7,8,2,4,2,6,2,6,2,11,4,8,14,6,4,2,2,5,5,1,2,4,4,11,9,6,2,4,2,7,6,2,4,6,11,4,12,13,3,19,11,15,10,10,18,11,0,6,7,5
SIMGENE0263,3,6,5,6,2,4,3,5,5,3,7,5,14,2,3,9,5,7,1,2,22,6,7,7,6,5,13,7,9,3,13,4,19,3,15,5,3,11,14,18,1,7,10,8,11,6,3,11,6,6,4,9,2,17,5,4,8,3,3,11,4,4,17,2,3,3,7,11,3,11,8,9,2,3,11,2,6,3,8,6,12,12,5,3,3,1,2,15,5,9,3,10,1,3,7,9,7,7,2,3,2,5,9,8,17,11,9,16,9,6,3,12,5,16,1,1,3,9,14,3
SIMGENE0264,10,4,3,23,20,4,2,4,4,4,5,16,7,6,10,9,3,2,6,15,3,3,16,29,14,2,8,5,2,11,5,13,6,3,12,9,4,18,8,14,23,3,7,2,2,13,16,2,27,13,8,12,13,7,8,12,15,2,5,14,6,1,11,5,6,7,8,6,3,11,11,11,6,20,22,22,5,4,12,9,31,4,10,15,14,13,19,13,8,13,23,11,14,3,10,15,23,21,18,9,13,0,14,35,11,18,14,12,13,15,21,7,8,19,21,43,34,9,2,14
SIMGENE0265,18,18,13,3,3,1,3,10,3,2,6,2,12,7,6,20,2,5,8,4,9,20,2,5,7,2,7,15,5,5,12,4,1,2,5,8,7,2,4,3,3,6,3,10,0,10,4,5,3,2,6,6,9,4,7,1,2,1,4,3,7,37,12,3,13,5,11,3,13,2,26,5,4,3,15,8,6,8,9,3,1,22,5,2,7,6,2,9,3,13,2,20,6,20,6,11,33,16,7,36,10,3,2,17,6,4,20,12,1,2,7,12,7,6,9,6,8,5,18,3
SIMGENE0266,4,2,8,3,1,5,1,2,2,2,0,3,1,3,1,0,1,2,2,1,3,1,2,5,1,1,4,1,1,5,1,1,2,1,1,5,4,2,3,2,0,1,1,1,4,2,1,2,2,0,3,0,2,1,1,0,1,1,2,1,0,2,2,1,1,0,2,4,3,0,1,0,0,2,3,4,2,0,1,3,0,2,0,1,2,1,3,2,2,4,7,2,2,0,5,1,0,1,1,3,6,1,4,1,2,2,1,2,1,2,1,2,1,3,1,1,6,2,2,1
SIMGENE0267,2,3,1,2,3,5,5,7,7,4,5,2,1,2,4,2,3,1,0,1,11,1,12,3,4,5,9,11,2,8,3,4,10,2,7,4,7,1,10,4,4,7,2,7,2,1,4,4,2,1,2,1,1,5,7,11,0,7,7,1,2,3,6,4,2,1,2,1,7,1,3,5,2,2,1,2,2,4,2,2,3,4,1,1,3,3,3,6,1,4,3,3,3,2,2,2,7,2,7,3,2,1,8,13,7,6,2,14,3,5,22,9,4,3,3,7,1,9,15,27
SIMGENE0268,0,1,0,1,0,0,0,0,1,0,0,1,0,0,0,0,0,0,0,0,0,1,1,0,0,0,0,1,2,1,2,1,0,1,1,1,0,1,1,2,1,2,1,1,0,1,0,1,0,0,0,1,0,1,1,1,1,0,0,1,1,0,0,0,1,0,1,0,1,0,1,0,0,1,1,1,0,1,1,0,0,0,0,1,1,0,0,0,1,0,0,0,0,0,0,1,0,0,0,0,0,1,1,1,0,0,0,1,1,1,1,0,1,0,1,1,0,0,0,1
SIMGENE0269,4,6,2,4,14,9,4,8,3,6,9,2,11,3,1,11,3,2,2,12,2,2,6,5,2,5,7,4,3,4,3,15,4,3,1,6,13,3,6,4,9,4,12,1,2,2,4,5,1,2,1,3,4,4,6,3,2,3,5,4,1,2,7,3,2,9,1,4,4,6,1,2,4,3,3,5,6,5,3,2,6,4,6,4,4,19,0,1,1,4,9,4,4,7,3,2,2,5,2,2,5,3,2,9,5,4,5,7,3,9,4,5,3,7,7,4,1,2,5,9
SIMGENE0270,1,5,6,2,3,6,6,7,2,2,1,8,2,10,4,5,10,2,10,0,7,2,19,6,9,4,19,12,11,4,20,9,5,5,21,4,16,10,5,5,6,7,2,7,5,10,3,3,6,16,8,0,11,17,1,5,6,8,5,5,2,2,12,2,9,6,3,2,6,9,5,4,4,10,7,2,2,4,6,8,3,10,10,10,2,2,1,16,3,8,6,3,5,2,5,5,7,5,16,2,5,14,7,3,2,2,4,5,9,17,13,8,11,8,5,9,1,10,15,1
SIMGENE0271,4,6,15,10,22,15,7,6,8,13,11,12,4,3,13,1,4,6,5,34,5,3,4,3,5,7,4,10,3,2,1,7,5,1,0,6,0,3,5,5,5,7,3,6,5,6,5,25,5,18,1,1,3,7,4,7,2,13,7,4,14,5,3,23,8,4,5,17,9,24,6,3,2,5,5,7,10,8,4,5,14,6,7,8,16,25,22,14,4,14,13,12,9,19,10,8,31,7,2,7,11,7,9,7,3,4,5,7,1,10,2,2,3,7,14,9,5,2,15,3
SIMGENE0272,5,5,6,7,3,4,4,3,7,2,4,6,3,1,4,13,11,1,13,7,4,6,5,5,1,1,0,3,2,5,5,2,3,13,8,9,4,9,2,1,1,3,2,3,2,2,2,6,2,2,3,1,3,5,4,1,8,2,2,0,3,5,1,2,5,7,0,1,3,5,1,2,3,1,9,4,3,2,5,2,8,8,3,3,3,0,5,12,4,5,7,9,4,1,2,2,8,1,13,7,1,1,3,3,2,3,3,4,3,2,1,3,5,4,4,3,3,2,0,2
SIMGENE0273,11,4,5,3,4,5,5,2,4,4,2,1,5,3,2,3,7,0,2,2,2,3,1,2,2,1,1,5,0,3,2,2,5,5,2,4,2,1,2,2,3,5,4,12,4,3,1,17,1,2,6,1,3,2,1,4,1,7,8,4,3,5,8,4,3,4,4,0,6,0,2,4,9,2,1,3,5,1,6,1,1,6,4,2,1,1,3,10,0,17,1,8,2,10,1,7,4,5,8,2,1,2,3,3,2,4,1,1,7,7,3,2,1,13,2,2,5,4,4,4
SIMGENE0274,2,2,1,0,2,2,1,3,2,1,2,1,1,0,3,0,1,0,5,1,1,1,1,1,3,1,1,0,2,4,1,2,1,2,1,3,1,1,1,2,1,1,1,1,2,2,1,1,0,0,2,0,1,3,1,2,1,1,1,2,2,1,1,2,1,2,0,2,1,0,2,1,1,1,2,1,0,1,1,1,1,0,1,3,1,0,4,2,1,1,1,1,1,3,1,0,2,2,5,1,1,1,1,1,0,0,1,2,4,1,0,0,1,0,1,1,2,0,1,0
SIMGENE0275,0,0,1,0,1,0,0,1,0,0,1,1,0,1,1,0,0,0,1,0,2,0,1,1,0,1,0,0,0,0,2,1,2,0,0,1,1,0,1,1,0,1,1,2,0,1,0,1,0,1,1,2,1,0,1,1,1,1,1,0,1,1,0,0,2,2,0,1,0,0,1,0,3,1,0,1,1,0,0,1,0,0,3,1,1,1,1,1,2,0,1,0,1,0,1,0,1,1,1,1,1,1,0,0,2,1,0,1,0,1,1,0,2,1,1,0,1,1,0,1
SIMGENE0276,22,10,12,9,12,4,4,9,6,20,9,3,7,20,11,17,6,11,5,15,7,17,2,11,5,8,9,6,9,6,21,8,16,16,22,2,4,15,19,9,2,6,10,2,10,4,2,7,14,6,11,7,11,2,3,7,17,6,3,15,6,18,13,7,19,7,4,8,4,21,13,6,2,3,4,20,2,16,13,8,8,9,7,11,4,8,22,20,3,7,2,9,14,7,8,6,14,3,5,7,4,4,5,36,3,18,5,11,5,13,14,11,4,13,11,9,7,4,6,3
SIMGENE0277,3,3,2,2,2,0,1,1,3,1,0,1,1,4,3,1,1,1,1,2,1,1,0,0,2,3,3,1,1,0,1,2,2,2,1,2,1,0,2,4,1,2,0,1,0,4,3,1,1,1,2,2,0,2,2,2,1,1,1,3,1,1,1,1,1,0,4,1,3,2,2,1,1,2,1,1,0,1,1,0,1,1,1,1,1,1,0,0,2,1,3,1,3,0,1,1,1,1,1,2,1,1,0,1,1,3,2,1,0,2,2,1,2,3,0,0,4,2,1,3
SIMGENE0278,6,5,2,3,4,2,9,2,9,4,4,2,6,1,0,7,4,2,1,6,5,19,6,10,4,6,4,3,3,7,1,5,4,5,4,1,2,6,4,2,6,3,7,5,5,9,2,4,10,9,5,1,1,6,4,4,2,2,10,1,4,4,1,4,7,2,3,4,5,11,3,1,5,1,8,5,2,5,5,10,4,3,5,6,17,4,6,14,9,11,3,12,2,2,4,13,4,6,5,7,4,0,0,10,17,3,1,6,6,5,1,2,13,6,8,11,4,1,7,3
SIMGENE0279,8,15,3,4,4,4,8,9,6,1,1,5,6,7,7,12,12,10,7,5,8,7,4,10,4,2,0,1,12,1,4,5,2,2,1,3,7,10,3,2,1,3,1,6,2,5,5,4,4,1,3,4,2,5,6,2,1,5,1,2,1,4,8,7,6,4,16,17,4,3,3,4,22,3,12,8,8,6,19,7,11,4,3,3,4,4,4,5,8,10,13,30,4,3,6,11,16,13,6,9,1,5,2,3,17,2,6,5,15,10,2,2,3,4,6,3,7,7,6,5
SIMGENE0280,19,20,0,8,5,9,9,20,7,4,5,14,8,7,5,5,6,15,6,9,8,1,6,4,7,6,5,7,10,4,5,6,3,6,5,8,20,5,10,5,10,2,4,14,5,18,2,6,9,15,1,1,4,2,2,6,21,1,9,4,8,7,12,2,23,8,10,9,2,7,11,4,29,2,13,3,10,14,11,4,10,11,24,15,8,14,8,3,1,4,5,3,13,1,10,12,7,23,16,11,25,20,24,10,11,7,3,6,10,3,8,7,4,1,3,6,9,10,9,2
SIMGENE0281,5,2,6,7,1,6,4,20,2,4,11,2,3,3,2,9,4,2,2,5,4,1,7,8,5,4,4,5,9,3,12,3,11,2,13,5,4,5,4,7,7,12,4,4,2,15,1,8,30,21,0,2,10,11,4,11,6,3,1,4,3,4,11,4,12,11,6,6,11,4,6,4,10,3,1,6,2,9,8,4,6,5,8,2,11,1,6,12,11,8,11,13,11,9,13,3,17,5,11,5,8,2,16,7,3,11,3,7,17,4,7,5,10,9,6,1,4,9,23,10
SIMGENE0282,0,1,0,0,0,0,1,1,0,0,0,1,1,0,1,0,0,0,1,0,3,2,0,1,0,1,1,0,0,1,2,2,1,1,0,0,1,0,2,2,1,2,0,0,0,0,1,1,1,1,2,2,0,2,1,2,1,1,0,1,0,0,0,1,0,1,1,0,0,1,1,0,1,0,0,1,0,0,0,0,0,0,1,0,2,0,1,1,0,2,3,1,1,1,1,1,1,0,1,1,1,0,1,1,1,0,0,1,0,0,1,0,0,1,0,1,0,1,1,1
SIMGENE0283,3,2,5,2,3,3,2,10,6,2,1,5,0,14,1,9,4,5,8,1,2,4,1,1,2,5,3,8,0,3,9,0,4,2,3,15,2,1,6,2,4,3,7,5,3,6,1,4,1,4,4,6,22,5,4,6,6,1,5,6,4,7,3,7,12,4,5,4,9,2,4,2,6,10,3,4,9,4,3,17,5,2,3,4,3,4,1,1,5,1,9,2,2,4,3,9,1,7,2,5,4,1,2,6,3,3,10,3,2,5,6,2,1,2,5,2,3,5,5,4
SIMGENE0284,14,10,6,22,8,16,11,3,11,6,13,0,17,22,30,19,4,14,8,33,4,27,19,5,13,8,12,18,5,11,20,22,10,34,42,12,4,5,12,15,18,17,14,16,2,22,13,7,46,6,17,14,21,44,24,4,7,15,16,9,9,2,3,3,2,16,12,4,10,6,6,4,4,10,3,12,9,5,1,6,18,2,9,2,6,18,10,5,9,9,3,8,15,10,2,2,18,13,9,7,11,18,10,9,31,1,5,7,8,13,33,11,24,8,30,18,10,18,4,15
SIMGENE0285,3,7,0,1,4,3,2,5,1,3,1,2,8,1,7,2,1,4,5,4,2,2,2,1,4,3,3,1,4,3,6,6,5,4,11,0,1,0,10,3,1,9,2,2,3,6,2,0,4,1,1,2,1,13,1,3,3,8,4,1,1,3,3,4,4,7,10,7,5,5,2,4,5,4,3,5,0,4,9,3,2,4,6,3,5,4,2,3,2,4,7,3,1,2,12,4,4,5,3,1,8,3,11,8,3,2,4,2,2,3,2,5,6,6,10,4,1,2,4,3
SIMGENE0286,17,11,2,16,8,5,8,13,15,15,1,10,5,1,31,4,5,17,4,11,1,2,3,5,13,12,10,12,5,6,11,3,3,15,3,17,5,8,9,7,8,19,4,6,19,15,7,1,13,8,6,11,3,4,3,13,8,10,15,3,5,1,5,4,6,3,6,6,12,2,9,2,4,6,10,6,7,6,9,4,5,4,6,7,6,6,5,3,5,11,8,2,3,16,3,10,0,4,1,9,4,10,9,3,21,3,11,5,6,13,15,6,8,18,6,16,5,8,3,8
SIMGENE0287,4,1,4,5,7,9,5,13,4,7,7,7,10,1,6,3,2,9,5,7,3,7,1,4,1,14,1,3,9,4,12,11,4,18,6,5,13,3,8,4,1,6,13,9,10,7,9,9,2,4,10,6,12,6,8,23,14,14,16,29,8,9,18,9,8,10,6,6,4,1,9,12,5,6,4,5,8,5,6,6,10,1,10,4,11,4,2,21,2,10,5,5,1,21,13,4,14,5,9,7,2,2,3,2,6,0,3,7,2,11,19,7,7,0,6,7,6,2,4,4
SIMGENE0288,7,21,19,6,3,17,9,3,12,5,17,5,14,1,2,2,3,17,14,5,7,5,2,9,5,4,10,4,4,18,6,11,1,2,6,6,10,3,9,5,5,10,26,6,2,6,11,3,18,15,12,1,5,2,3,11,9,7,5,27,11,10,17,6,43,8,9,18,13,6,13,26,2,10,18,20,23,21,5,3,33,21,15,3,27,19,6,13,4,9,3,3,34,28,13,4,4,5,19,16,7,4,11,8,10,3,7,11,6,5,6,10,4,7,3,8,9,8,11,6
SIMGENE0289,2,6,1,4,10,6,3,7,2,4,1,12,1,8,9,8,6,2,4,18,5,6,6,7,7,10,7,5,5,9,9,8,10,3,6,2,10,6,2,2,1,5,11,4,4,1,6,5,3,3,0,7,14,12,4,3,2,8,5,3,3,10,4,2,4,4,2,4,12,3,2,6,1,7,1,3,4,4,1,4,3,3,3,11,0,3,10,2,5,2,4,3,1,3,4,5,8,6,4,12,5,2,8,1,9,1,2,3,6,6,2,2,3,2,3,2,2,2,3,1
SIMGENE0290,5,5,4,3,2,12,2,2,9,7,8,3,2,3,7,4,5,6,7,5,1,12,4,2,4,3,2,5,1,12,1,3,7,9,1,1,6,7,3,2,3,2,4,2,1,4,3,1,3,4,4,4,4,3,1,2,3,7,1,2,9,4,5,2,9,15,2,4,3,12,18,7,9,4,12,7,7,17,5,5,4,7,4,5,3,5,1,6,2,3,2,8,11,7,5,7,0,5,3,6,4,2,5,0,15,11,3,4,2,8,3,8,4,7,1,5,5,2,6,2
SIMGENE0291,3,2,5,21,16,4,8,13,11,15,7,6,6,18,5,12,5,4,2,6,9,5,20,3,4,5,8,17,2,3,5,4,4,12,2,6,2,12,4,2,4,4,5,1,6,10,3,2,10,6,1,1,6,4,2,17,6,4,9,6,13,8,3,13,9,5,7,1,6,5,16,5,3,11,18,1,4,2,19,16,3,14,8,14,7,1,3,2,11,1,30,8,6,7,1,0,3,1,2,16,4,11,2,7,5,12,3,2,6,7,2,8,4,2,2,5,13,4,2,12
SIMGENE0292,4,4,9,3,6,7,2,8,4,6,3,4,3,5,4,5,6,4,4,11,2,1,3,10,5,18,6,9,21,8,16,5,8,2,6,8,10,10,17,10,10,3,3,16,0,1,6,8,4,3,4,4,7,4,9,2,14,3,10,8,5,9,14,11,10,8,3,7,7,11,10,15,1,8,10,15,11,2,10,6,2,1,8,2,3,4,6,4,1,7,2,1,4,10,6,1,3,4,1,5,5,4,1,4,7,9,9,8,16,7,4,3,11,5,12,2,1,6,2,4
SIMGENE0293,7,3,3,1,5,4,7,2,1,6,1,6,1,11,3,2,5,4,4,3,11,1,5,3,6,3,2,5,6,12,1,1,1,6,8,1,2,5,2,4,3,5,1,3,3,2,2,1,3,1,1,1,4,4,1,8,6,2,7,3,2,5,3,2,9,6,2,1,1,7,3,10,3,2,2,13,3,7,5,2,3,7,7,2,3,5,4,2,2,22,1,4,5,15,9,5,4,15,17,8,2,5,1,3,3,10,2,7,2,9,1,2,5,7,0,9,6,2,5,10
SIMGENE0294,2,5,2,1,4,3,3,7,8,2,1,3,1,8,1,3,2,7,4,2,10,5,7,8,1,6,8,2,5,1,2,4,8,0,4,3,2,4,4,10,1,6,4,5,9,4,25,13,2,6,8,6,2,5,2,4,2,0,2,3,12,11,11,11,6,10,5,6,4,20,8,7,4,5,15,20,2,22,17,1,5,2,1,6,4,6,1,5,6,4,9,5,6,2,2,8,2,1,8,5,1,6,5,5,11,3,5,6,1,6,7,2,5,7,2,1,2,3,4,11
SIMGENE0295,0,2,3,1,4,1,2,4,6,2,3,2,1,1,2,1,1,5,1,0,3,2,2,1,2,1,1,1,2,2,2,1,1,1,1,2,2,1,3,0,4,1,4,1,1,2,5,4,0,2,2,2,1,2,3,2,2,2,4,4,1,3,0,3,1,4,3,2,0,0,2,5,2,1,4,0,1,3,3,1,1,1,1,4,1,1,1,2,0,2,2,1,2,0,1,4,1,3,2,2,2,1,1,1,3,1,2,2,1,1,2,1,2,3,1,2,1,1,3,1
SIMGENE0296,8,2,5,9,1,3,8,4,2,2,2,2,3,2,6,4,3,2,6,3,3,25,1,5,2,13,7,26,4,7,9,21,5,8,11,6,7,16,7,17,8,3,5,2,3,17,8,5,1,9,7,7,2,10,2,2,16,10,6,12,3,3,9,2,7,7,13,4,2,1,2,6,5,3,10,1,1,4,4,13,2,6,9,10,11,7,7,11,12,1,3,5,2,1,6,6,8,5,4,3,11,4,4,7,11,10,4,7,3,7,3,2,1,3,14,26,6,2,3,5
SIMGENE0297,12,5,4,3,14,9,14,12,11,15,5,5,16,6,20,5,12,6,3,1,12,34,17,15,3,8,25,5,4,15,7,11,9,5,19,16,6,34,13,5,1,2,4,3,13,4,3,4,7,2,11,3,2,5,8,15,2,1,4,2,12,12,15,8,7,10,14,8,21,15,7,9,7,19,25,6,3,13,9,4,10,2,3,1,9,5,2,7,1,4,3,7,11,1,3,1,19,7,5,4,16,19,8,15,12,21,4,23,4,15,8,6,3,10,6,9,2,4,4,13
SIMGENE0298,5,6,6,13,9,2,10,2,5,1,2,8,9,6,7,8,8,6,3,8,1,4,3,6,7,2,3,1,9,13,5,4,3,2,7,3,9,17,5,4,4,6,4,15,6,8,1,6,4,19,2,4,6,10,7,9,3,2,5,4,14,9,0,8,7,8,13,9,8,10,1,13,11,10,4,1,6,24,6,1,10,11,1,1,7,4,2,3,3,2,7,8,5,2,8,1,5,2,7,2,7,5,6,6,3,2,4,4,5,3,1,15,10,4,7,4,4,8,7,1
SIMGENE0299,3,3,1,3,0,0,1,4,2,1,4,0,2,6,3,2,1,1,5,0,0,0,6,1,0,2,5,1,3,5,3,0,6,4,5,1,3,4,2,2,1,1,0,2,1,5,2,1,1,3,1,4,1,3,2,1,1,1,0,0,3,0,0,2,2,2,4,1,4,0,0,1,2,1,1,2,1,0,4,1,1,1,4,3,1,1,4,1,1,0,1,1,1,3,4,4,1,1,2,2,1,2,2,4,1,0,1,2,0,2,4,4,1,0,1,1,2,0,1,2
SIMGENE0300,20,2,2,7,10,10,11,6,3,17,11,7,12,14,5,3,24,16,3,7,3,13,9,8,2,1,5,4,6,4,8,3,8,10,3,2,14,2,8,11,11,8,1,12,8,2,2,7,5,2,3,9,5,3,8,3,5,4,6,5,1,4,0,6,6,3,4,0,9,3,1,1,7,3,10,3,5,2,3,5,2,3,3,1,5,0,11,4,2,2,8,2,1,2,9,4,3,2,6,11,10,6,5,3,9,14,21,8,3,2,5,0,9,13,7,15,18,1,6,6
SIMGENE0301,7,16,6,5,7,12,3,7,7,10,8,4,1,5,8,8,9,5,4,1,7,9,9,10,6,12,2,14,13,9,8,10,6,13,5,8,11,15,6,23,3,16,11,6,2,8,19,19,7,9,21,19,14,6,18,0,2,18,4,1,15,5,3,19,13,3,5,6,7,1,4,6,4,23,8,12,5,4,9,11,22,1,12,4,6,4,4,5,31,4,3,17,17,8,15,13,3,16,17,9,14,5,16,12,15,1,7,7,4,12,4,4,2,16,9,6,10,6,14,5
SIMGENE0302,4,3,6,8,3,1,2,2,5,13,7,1,2,5,2,1,6,8,1,10,1,3,2,1,3,3,6,5,4,4,2,4,8,5,4,2,16,3,2,6,9,5,6,3,3,2,4,1,1,6,3,1,4,2,3,5,3,4,9,7,15,5,2,9,4,5,4,0,4,4,8,1,15,1,6,3,7,3,1,5,16,7,5,2,7,11,1,9,5,4,1,7,5,3,1,5,2,1,2,5,10,3,12,2,5,4,7,4,5,6,7,1,6,7,10,7,6,6,11,4
SIMGENE0303,1,2,3,4,0,1,1,3,2,6,6,2,7,1,2,7,4,1,1,3,5,4,2,2,1,1,1,3,0,1,3,0,2,9,1,2,1,0,0,5,0,2,3,1,4,4,1,5,3,0,4,3,1,6,2,2,1,1,5,2,1,7,1,2,4,9,2,1,3,2,2,2,5,0,5,4,3,1,3,5,4,2,1,3,2,2,7,5,1,2,2,0,4,5,3,2,1,2,1,2,2,2,0,1,0,4,3,1,3,1,2,2,3,1,1,1,2,1,2,1
SIMGENE0304,4,2,10,12,8,2,6,10,6,13,10,14,3,20,17,6,9,17,4,32,4,3,1,6,12,13,16,2,2,26,13,3,4,2,3,12,3,2,15,11,3,7,2,7,3,2,10,2,3,7,8,3,8,2,3,13,7,10,3,3,2,3,7,10,5,7,4,3,3,9,12,15,5,7,11,1,8,5,5,3,2,7,1,5,15,3,6,10,16,27,21,2,17,16,14,4,10,8,15,20,6,8,19,4,12,4,21,12,3,7,10,26,4,7,4,8,17,5,1,2
SIMGENE0305,7,9,2,4,10,24,8,18,7,17,16,7,8,3,8,40,4,25,2,19,3,10,8,19,7,5,5,12,2,16,4,5,2,8,7,6,6,9,7,13,5,4,12,9,2,9,2,14,12,14,26,21,10,11,6,41,27,20,3,24,2,6,21,25,11,24,10,10,5,8,13,8,1,12,24,13,5,26,10,13,7,5,5,9,3,4,3,16,1,12,3,14,12,4,12,3,15,3,15,7,11,9,3,9,5,2,5,20,3,3,3,1,9,3,1,3,6,4,2,11
SIMGENE0306,7,8,9,12,8,8,4,5,24,1,10,7,3,3,20,13,11,1,22,4,5,43,3,3,16,20,17,8,9,34,20,6,6,9,17,2,6,6,14,16,2,7,13,9,5,8,5,7,9,24,8,11,4,8,8,34,12,11,19,24,6,5,11,25,24,15,28,29,9,9,30,7,6,4,14,4,49,15,6,36,10,2,5,4,2,7,3,11,2,3,4,3,3,9,7,5,9,5,5,9,3,16,18,4,2,5,19,7,6,2,5,3,9,12,14,3,4,9,5,11
SIMGENE0307,9,11,17,10,17,12,26,9,25,10,7,3,20,11,11,13,11,4,17,7,21,10,11,28,7,3,3,7,19,11,11,6,17,21,24,17,8,2,17,5,18,19,32,4,13,15,5,8,9,7,12,1,8,23,5,7,4,27,1,11,9,15,17,10,20,9,7,8,11,1,17,24,4,8,9,2,11,23,4,13,15,1,7,15,15,7,2,5,14,11,6,6,6,7,10,9,7,3,5,9,5,13,3,7,15,7,1,9,9,3,1,4,7,6,12,4,35,5,3,4
SIMGENE0308,4,1,1,3,3,3,3,5,10,5,6,2,12,3,4,10,2,6,9,4,1,5,8,20,8,5,27,3,3,15,10,3,10,5,3,9,5,21,1,2,8,7,0,25,17,3,4,6,4,1,4,4,1,7,8,9,2,4,5,7,4,9,2,4,12,6,7,8,1,3,1,6,8,3,3,7,2,2,5,12,7,6,4,13,1,3,5,3,2,9,3,6,8,12,4,7,8,11,12,8,8,7,4,1,7,1,5,7,8,5,2,15,7,1,12,16,2,1,5,7
SIMGENE0309,26,2,11,9,14,20,7,10,11,4,4,18,13,18,42,6,6,10,7,22,50,13,21,2,18,21,6,3,5,20,19,5,37,21,4,17,15,6,2,20,8,17,7,33,27,6,5,7,24,13,7,4,5,18,21,4,35,24,34,23,21,8,10,9,4,4,20,13,2,4,14,11,9,5,22,2,14,4,18,19,15,30,9,10,17,12,36,4,12,27,14,6,42,14,13,22,20,14,32,3,19,10,4,7,8,17,11,9,1,39,12,10,4,12,19,12,9,13,3,4
SIMGENE0310,5,9,8,9,1,14,23,17,13,16,4,14,19,15,4,19,11,13,9,6,9,5,33,8,8,7,8,10,4,8,27,13,11,13,6,7,10,11,11,5,10,3,17,29,11,7,17,4,5,19,17,20,3,18,7,12,3,41,10,8,30,13,12,7,6,8,12,27,2,3,3,22,5,8,2,11,1,11,48,5,4,7,31,29,8,24,22,26,9,39,2,15,7,18,9,14,5,5,10,50,7,9,14,12,12,1,9,17,3,10,8,7,13,7,1,5,12,18,14,5
SIMGENE0311,1,2,2,2,1,1,0,1,2,1,2,2,2,3,3,1,0,1,1,1,3,1,5,1,3,4,1,1,2,1,2,0,1,3,4,1,2,1,6,1,7,6,3,4,4,1,7,2,1,1,3,4,1,5,2,3,1,2,3,3,4,2,2,2,1,2,2,1,2,2,0,1,3,0,2,1,1,3,0,0,1,1,1,3,3,3,3,0,1,1,5,2,1,0,3,4,1,2,0,4,1,2,2,2,3,1,1,7,1,0,2,0,1,3,3,3,2,1,0,2
SIMGENE0312,4,2,5,3,1,1,2,1,3,1,4,1,1,3,2,1,2,1,1,6,3,4,11,3,3,8,4,4,10,5,10,3,6,1,1,4,8,2,5,2,1,1,1,6,3,3,4,0,4,1,6,2,1,6,1,7,1,2,1,3,4,1,2,3,4,3,1,3,1,3,3,1,2,1,2,4,1,2,0,1,2,3,2,1,5,2,1,0,1,3,1,2,1,4,5,1,2,3,2,4,1,5,1,0,4,4,1,1,1,0,0,0,2,4,3,1,3,1,2,2
SIMGENE0313,12,29,36,8,12,14,6,6,2,4,18,8,7,14,8,11,8,4,11,4,5,4,2,5,6,4,1,2,3,7,8,8,3,6,15,2,3,4,8,3,2,3,3,16,6,4,9,21,7,8,2,3,8,6,4,8,9,9,2,0,7,2,9,14,14,13,7,14,6,36,7,7,5,7,10,3,6,12,1,7,4,8,5,12,6,4,8,12,7,5,9,21,2,10,9,35,9,2,4,7,7,7,21,5,7,4,19,12,16,19,28,4,1,4,5,18,12,2,5,9
SIMGENE0314,1,1,3,1,5,2,2,3,5,3,4,4,5,2,9,2,5,1,2,5,7,2,4,3,1,4,3,7,6,11,3,3,5,13,6,3,6,7,4,4,12,3,11,6,10,4,2,1,8,7,2,5,1,12,7,3,3,9,3,2,3,3,3,7,1,6,1,6,12,6,11,2,6,4,3,3,10,4,4,4,1,3,2,2,8,7,3,5,1,7,3,1,11,1,6,13,2,4,8,9,5,2,7,3,2,1,4,4,3,3,11,0,4,4,2,5,2,2,2,6
SIMGENE0315,10,16,23,24,9,7,20,14,12,7,14,21,15,7,4,3,6,7,43,8,3,8,17,7,28,11,19,17,3,11,3,2,12,5,4,5,4,18,25,21,14,4,15,4,4,12,14,41,17,6,8,15,12,9,15,5,8,36,35,26,16,15,14,18,4,7,4,15,3,5,5,6,8,10,5,9,1,19,8,5,2,1,10,3,6,6,10,11,9,5,5,4,2,8,12,8,8,5,18,8,12,8,6,6,8,4,16,7,5,17,2,6,3,7,3,5,48,3,6,10
SIMGENE0316,8,4,3,5,1,8,4,5,2,1,5,7,2,1,1,3,3,3,2,3,17,2,8,3,4,3,4,5,4,10,7,1,3,2,6,2,0,5,5,3,3,9,6,6,1,14,6,8,6,2,4,1,4,3,3,4,4,2,1,5,3,2,2,0,0,1,3,3,5,2,1,9,1,4,3,5,3,11,2,3,5,4,5,2,2,2,6,8,2,1,2,4,5,8,2,1,3,3,2,5,0,5,2,5,8,2,5,0,9,4,1,2,3,2,8,1,1,3,1,2
SIMGENE0317,9,5,3,4,12,3,4,1,2,6,2,3,9,1,1,4,3,1,7,4,2,5,5,5,12,3,7,7,6,6,6,2,15,5,1,1,8,1,3,2,9,3,7,4,4,4,9,3,12,6,4,3,5,3,5,4,4,5,4,4,7,7,5,7,13,7,5,18,5,13,2,16,2,19,8,6,5,2,6,7,4,6,3,5,5,1,5,1,4,4,7,1,2,8,4,5,4,4,1,5,7,2,19,3,9,1,3,12,6,5,4,4,3,9,4,3,3,4,5,8
SIMGENE0318,3,2,1,3,1,2,2,3,1,1,2,2,8,3,2,1,10,1,8,12,1,3,1,3,5,4,5,17,1,1,3,6,1,4,13,5,4,3,4,4,2,1,5,4,7,4,1,2,2,4,2,2,9,1,1,5,11,2,2,6,1,5,6,3,7,6,4,7,9,4,9,4,1,12,4,1,8,3,11,10,6,5,1,2,7,5,3,7,17,2,6,3,4,6,4,4,2,1,2,4,1,1,4,3,3,2,3,4,2,5,5,0,4,5,15,7,8,5,5,6
SIMGENE0319,13,7,5,8,7,11,9,4,6,17,3,7,4,2,2,13,9,11,4,25,5,7,4,16,5,10,4,4,3,15,3,22,5,4,7,11,6,8,23,15,2,2,2,5,4,10,8,2,7,2,3,20,10,13,18,6,3,10,8,21,19,7,19,12,13,45,43,6,19,5,8,1,15,10,6,12,9,22,9,3,4,2,3,6,6,12,3,5,4,2,6,1,15,3,2,4,16,17,6,2,8,6,8,5,14,6,7,5,1,5,26,12,9,12,9,5,21,13,22,16
SIMGENE0320,2,1,3,3,4,1,2,2,1,2,0,1,0,2,1,1,1,2,2,0,7,6,1,6,1,4,2,0,3,5,3,1,2,0,2,7,3,4,2,1,1,4,2,2,4,2,1,2,3,2,6,1,7,1,5,5,1,3,2,2,3,3,2,3,2,1,5,1,1,2,4,8,3,3,6,4,2,1,3,4,3,1,1,3,2,6,1,3,1,3,4,1,3,3,0,4,3,0,4,1,6,5,1,3,9,4,4,3,3,3,6,2,5,2,3,6,2,4,7,1
SIMGENE0321,3,3,0,3,12,2,6,8,2,0,5,4,3,3,2,5,6,4,8,4,4,9,2,5,2,4,2,10,6,1,4,8,5,3,2,1,5,4,2,1,5,3,4,4,1,2,3,2,10,1,1,2,6,3,0,4,6,2,12,4,9,3,2,1,1,6,1,2,10,3,3,8,10,6,2,6,6,3,9,8,2,3,2,3,3,2,5,3,12,2,7,4,3,1,1,3,1,1,5,3,1,1,3,7,4,2,13,5,8,5,0,2,14,4,4,5,6,2,7,3
SIMGENE0322,1,6,4,4,12,14,8,2,7,3,5,5,4,11,2,2,11,5,2,11,14,12,4,2,1,2,12,6,7,10,16,15,6,3,15,6,5,5,3,9,6,20,8,3,6,2,16,4,7,16,7,19,6,4,4,10,11,10,10,5,0,2,10,13,3,4,2,3,4,4,13,3,8,2,9,4,2,5,3,4,3,5,3,2,9,4,4,4,2,1,2,0,6,5,2,3,3,2,9,4,3,2,2,0,6,11,5,9,2,5,1,1,4,2,7,19,7,7,3,5
SIMGENE0323,4,5,6,4,5,0,6,5,1,2,6,2,6,1,2,2,1,3,2,5,3,5,3,3,6,2,1,5,4,2,2,4,3,1,8,2,2,3,5,2,2,4,1,4,0,4,3,5,5,3,3,3,1,2,2,3,1,5,3,4,2,3,8,8,4,6,13,5,3,4,4,14,1,1,1,8,4,3,7,4,6,3,4,8,3,10,4,2,0,7,7,1,2,2,3,2,2,0,8,1,1,1,4,2,5,2,1,2,5,1,3,4,2,6,1,4,3,5,3,2
SIMGENE0324,3,15,20,15,7,11,27,23,7,5,28,18,12,5,15,7,9,3,38,19,3,4,18,3,4,13,5,13,2,7,4,6,0,13,3,7,8,14,9,4,5,11,9,7,3,5,4,5,1,17,5,15,3,4,3,4,7,6,7,26,20,17,2,26,14,15,30,9,20,8,9,7,7,7,19,12,26,19,6,9,5,17,5,8,5,4,6,19,13,10,13,4,5,1,12,4,14,14,5,2,11,7,7,4,3,5,18,3,12,5,9,17,12,13,17,26,6,7,1,5
SIMGENE0325,5,2,7,13,1,2,5,6,6,33,3,9,11,4,2,5,11,4,10,10,8,29,10,9,7,3,2,19,6,10,3,17,12,10,13,17,19,7,2,3,8,16,5,7,22,11,5,1,13,7,14,3,12,1,3,25,5,22,16,4,19,5,20,11,6,21,44,9,17,27,41,3,14,4,8,12,30,29,9,15,5,14,30,19,6,18,23,50,11,51,18,29,26,8,12,12,11,13,5,7,10,8,6,1,5,3,10,19,16,7,13,4,9,7,3,9,10,4,3,9
SIMGENE0326,11,38,9,15,1,3,7,11,0,10,15,21,9,4,8,1,11,5,13,7,18,9,14,12,13,8,3,2,29,7,11,20,12,13,32,10,7,17,21,6,1,1,16,3,5,5,10,13,7,7,14,1,8,6,3,4,5,5,1,9,6,10,4,10,2,9,5,5,5,3,4,8,7,4,2,3,2,4,4,16,8,8,6,16,10,47,9,3,3,14,11,14,6,11,25,5,16,16,4,4,2,11,10,4,3,3,2,2,1,9,9,6,14,20,6,1,1,4,3,18
SIMGENE0327,26,12,21,6,9,8,18,17,14,5,6,11,43,30,3,25,24,10,35,15,11,2,5,15,10,9,11,19,28,7,26,2,13,8,7,5,9,12,2,14,7,17,9,8,13,0,21,4,6,3,24,13,6,10,17,1,10,21,3,5,10,8,5,13,8,8,12,5,4,32,22,19,24,5,30,11,22,15,2,1,8,12,2,19,7,3,13,16,2,2,15,24,28,19,9,9,43,7,3,20,19,48,6,19,14,21,32,13,6,6,12,8,6,9,22,7,8,3,12,35
SIMGENE0328,2,5,3,0,1,5,1,0,3,2,3,1,2,5,2,5,3,4,2,2,2,10,4,1,6,4,1,2,2,3,0,3,3,3,1,2,1,1,2,0,2,1,4,2,1,1,2,1,1,4,2,1,2,1,1,0,1,3,1,2,2,3,5,5,2,1,6,1,1,2,1,3,3,5,1,3,1,1,1,1,3,2,1,3,0,0,1,2,0,3,1,1,3,0,3,2,1,1,1,0,1,1,1,0,3,2,2,0,1,2,0,1,1,1,2,2,2,1,0,4
SIMGENE0329,0,3,5,2,1,1,2,1,5,4,3,2,6,0,3,2,2,3,3,4,5,7,2,1,5,3,1,1,3,2,1,0,4,8,3,5,3,1,0,3,1,2,3,4,3,0,1,3,2,1,1,1,3,3,1,3,1,1,5,4,3,4,2,2,1,8,2,3,2,5,3,1,4,1,0,1,0,1,5,1,2,1,3,1,0,1,0,0,0,1,3,2,1,2,1,1,3,1,1,1,1,1,0,1,2,3,0,0,6,2,2,1,3,2,3,1,1,1,0,1
SIMGENE0330,5,3,12,3,4,13,1,6,2,6,7,8,4,0,7,3,1,4,3,4,3,1,0,4,6,0,3,2,5,3,4,8,2,16,0,2,1,3,4,8,12,9,7,13,8,8,10,17,9,0,4,5,8,6,4,4,3,3,1,8,3,5,13,5,5,1,3,6,15,4,11,10,7,10,5,11,23,3,16,3,7,9,5,1,5,6,4,14,13,10,4,4,4,3,10,10,19,4,10,12,3,6,3,4,3,4,1,10,1,11,5,5,7,4,8,8,2,2,8,1
SIMGENE0331,1,4,4,11,10,21,5,3,7,7,10,16,3,10,2,15,5,1,21,8,2,10,4,4,6,7,26,14,7,4,2,3,13,2,7,0,9,9,4,4,10,9,4,6,1,2,1,9,2,14,7,1,3,8,5,5,0,1,4,23,2,5,5,4,7,7,2,3,5,3,1,10,8,7,3,7,8,15,8,14,5,1,8,4,2,4,9,2,4,5,2,8,15,14,5,12,4,7,3,6,7,5,7,2,3,7,7,8,8,3,2,7,4,4,4,13,1,9,6,8
SIMGENE0332,4,8,25,12,5,3,26,28,15,8,8,61,13,6,27,16,5,7,10,17,14,8,9,13,11,8,5,5,4,6,6,6,2,5,11,12,12,5,6,13,7,7,2,1,6,14,12,25,9,4,12,14,13,8,9,10,6,5,15,17,19,25,13,3,10,23,20,46,3,30,53,19,12,10,1,26,19,23,30,11,16,2,1,2,9,14,2,14,5,6,4,7,8,12,11,6,24,14,9,17,11,30,14,5,11,18,11,15,10,7,8,13,7,6,1,18,22,6,7,16
SIMGENE0333,4,2,12,2,11,4,1,1,7,1,5,4,15,2,14,5,6,12,1,2,7,3,10,4,10,5,2,2,5,16,12,1,2,10,6,3,6,9,11,3,8,2,7,4,4,8,7,7,1,14,22,6,20,7,6,8,4,2,3,7,3,11,8,6,3,1,9,9,8,4,1,3,11,12,5,12,5,3,7,17,26,5,16,9,9,6,29,5,4,9,7,14,10,4,6,9,5,1,7,11,8,19,8,5,1,2,17,6,6,5,6,4,4,16,5,7,1,4,2,6
SIMGENE0334,4,5,4,11,2,6,18,7,6,5,7,6,4,2,2,2,1,7,4,5,13,29,2,15,10,9,6,7,5,4,6,3,11,3,12,32,5,14,7,11,6,4,5,4,9,3,9,21,6,8,3,8,8,6,2,2,4,4,12,6,6,3,7,1,8,4,4,1,2,9,15,10,4,11,7,5,7,4,13,14,10,10,5,7,17,7,9,4,1,6,31,1,9,25,9,10,9,4,13,8,9,7,2,17,8,11,2,9,9,4,6,5,6,9,1,2,15,2,2,6
SIMGENE0335,3,13,10,4,4,11,9,5,8,6,4,1,5,7,5,23,3,6,2,10,2,3,1,2,2,10,1,5,4,3,6,3,8,10,1,8,1,9,3,4,1,1,5,2,2,13,3,7,2,4,6,8,2,1,3,4,3,2,4,1,4,2,15,1,5,3,2,4,2,9,1,0,3,2,2,2,4,1,5,4,2,13,3,8,6,12,3,3,8,4,6,3,13,5,3,4,8,3,3,4,6,2,2,9,14,10,2,6,3,6,4,2,2,10,2,0,11,2,8,5
SIMGENE0336,7,3,15,36,16,4,8,14,28,23,10,7,7,7,23,15,28,11,6,8,3,2,5,5,2,6,1,1,8,9,14,2,4,10,8,6,1,2,8,4,1,9,4,7,4,5,4,4,18,11,6,27,3,29,7,6,18,33,6,18,4,10,2,13,7,10,3,13,3,5,6,7,5,10,10,3,6,15,13,12,3,7,8,13,8,4,10,7,18,7,7,9,2,8,14,13,2,3,6,22,4,2,1,4,5,1,13,1,4,14,4,4,4,6,4,7,3,6,5,9
SIMGENE0337,3,4,9,6,7,13,19,14,4,20,12,4,5,2,12,2,2,14,23,15,4,15,18,4,1,7,11,5,2,2,4,5,10,12,12,10,13,5,3,2,4,2,9,5,8,14,3,6,4,7,3,10,7,8,3,19,3,2,3,4,11,3,7,4,7,5,10,2,6,7,17,7,3,5,11,9,13,12,13,17,3,8,2,2,3,4,14,8,5,13,7,5,6,6,10,1,4,20,1,1,5,3,8,4,2,1,4,10,1,2,5,5,1,9,3,2,9,7,4,9
SIMGENE0338,14,7,3,12,14,17,15,6,24,13,7,2,9,9,6,17,9,20,11,4,6,1,7,7,4,4,13,6,10,6,9,10,9,30,13,5,9,10,2,4,6,4,6,15,15,6,2,10,4,23,8,3,14,7,4,33,9,18,15,7,22,1,3,7,4,1,11,8,11,8,3,3,7,8,1,1,16,8,2,11,7,8,3,5,7,14,19,4,4,9,1,9,5,4,25,3,5,7,2,6,7,3,10,11,2,23,7,5,5,23,13,5,5,8,5,7,21,8,8,10
SIMGENE0339,6,4,5,18,4,3,3,8,5,2,8,6,6,19,10,6,7,3,9,3,16,4,12,4,4,9,1,3,4,3,3,3,2,7,8,12,1,20,8,10,7,1,13,11,9,4,5,2,16,12,12,10,4,11,1,3,12,2,6,5,16,14,16,14,2,7,7,2,5,2,12,17,14,2,3,2,13,14,11,5,6,2,15,2,1,13,1,4,3,10,2,6,1,6,1,0,5,4,1,3,6,15,9,8,9,11,7,6,10,14,5,7,4,4,10,5,2,6,3,1
SIMGENE0340,6,5,4,3,1,3,4,18,2,14,13,4,2,11,2,4,3,3,10,4,1,6,3,2,4,0,3,1,9,3,1,14,2,1,5,13,2,4,1,1,7,5,17,5,10,6,2,4,7,10,2,4,4,2,5,3,4,13,1,13,7,7,8,1,8,9,6,7,10,10,10,13,11,4,1,3,5,5,2,6,10,4,12,7,6,6,8,17,2,15,7,11,3,15,8,11,8,25,4,5,7,2,5,4,3,11,3,0,6,12,11,5,1,9,1,5,23,7,3,3
SIMGENE0341,4,18,9,11,5,3,2,1,3,3,8,5,2,4,2,4,10,10,2,5,7,3,1,17,16,14,5,9,6,1,1,3,7,8,11,7,7,8,4,4,8,9,4,4,7,7,2,3,13,15,4,7,3,7,5,4,1,7,8,5,11,6,8,8,3,2,9,5,15,4,3,7,3,11,11,14,12,12,9,4,3,6,4,1,4,4,5,4,7,3,9,3,8,2,3,2,6,6,1,1,7,3,15,24,9,6,4,7,0,4,3,7,3,7,3,6,4,3,3,5
SIMGENE0342,2,6,5,8,14,6,2,6,7,15,10,12,14,9,19,17,18,6,17,8,12,11,9,2,11,9,3,21,5,4,17,7,18,3,5,3,10,15,7,4,2,7,8,5,5,1,4,10,8,4,4,4,2,11,5,5,9,5,3,6,16,22,23,6,9,8,22,5,10,11,4,4,3,5,11,3,10,12,14,4,14,3,7,8,3,18,7,10,10,39,0,9,3,15,7,5,19,1,8,7,14,18,3,4,5,2,7,20,5,10,1,1,9,4,6,13,10,15,4,4
SIMGENE0343,3,3,2,1,9,2,1,1,0,2,2,3,2,2,2,4,2,1,1,3,5,0,4,2,1,1,2,3,2,1,2,6,3,3,2,5,2,3,2,1,1,5,2,3,2,1,7,1,1,6,4,4,3,0,7,4,3,1,2,7,3,1,2,1,1,4,3,2,2,3,1,2,1,5,2,2,3,5,6,8,3,3,1,4,1,0,1,2,1,5,2,2,5,2,2,2,2,0,1,0,1,4,0,2,2,4,9,3,2,2,3,1,1,3,4,2,4,1,3,2
SIMGENE0344,1,1,7,1,1,6,1,3,2,3,5,0,3,2,1,2,3,4,3,2,13,2,5,2,3,0,10,2,7,1,5,11,2,4,11,3,2,1,3,3,2,4,4,3,4,7,12,2,3,1,19,1,0,12,9,3,19,2,0,1,7,7,9,1,3,4,5,1,1,9,3,10,1,5,3,14,4,6,6,1,2,7,3,3,7,3,2,5,7,0,8,1,2,4,1,3,2,1,2,2,4,1,1,3,3,3,1,2,5,9,1,3,3,1,3,1,2,5,3,1
SIMGENE0345,5,3,4,4,1,2,1,6,7,5,1,3,2,4,2,7,3,7,3,0,5,6,3,3,4,7,2,1,1,2,1,2,1,4,2,3,3,3,2,1,3,2,3,1,2,1,3,3,2,2,6,2,3,4,6,3,2,8,3,2,4,3,3,1,2,2,8,1,4,4,6,5,1,2,6,4,4,2,1,3,4,4,3,4,1,0,2,1,3,2,0,4,1,3,3,1,1,3,3,2,4,4,2,6,5,4,3,2,3,2,1,3,4,4,0,8,5,1,3,2
SIMGENE0346,1,18,11,10,3,12,8,5,5,21,4,10,11,12,4,3,12,5,5,3,6,5,10,2,8,3,4,12,6,4,14,3,8,3,6,5,1,5,15,2,17,8,6,16,4,10,18,4,16,1,7,1,8,2,9,4,4,35,4,4,3,9,3,4,5,15,4,13,7,2,1,5,4,11,7,7,4,5,6,1,1,8,11,1,15,27,3,7,2,8,9,17,30,6,11,13,9,23,10,6,3,1,3,1,3,3,9,1,5,8,11,13,4,5,2,14,4,9,5,1
SIMGENE0347,3,24,22,6,11,22,12,19,7,6,9,16,10,15,6,24,23,17,5,26,10,15,12,2,10,13,6,16,13,22,5,14,10,5,8,6,3,14,4,2,13,11,8,2,1,6,2,12,10,9,14,5,39,4,5,5,4,23,10,13,9,3,7,4,6,4,11,2,30,17,8,10,20,6,17,6,17,5,2,5,4,6,9,9,2,10,17,10,1,7,7,6,2,5,11,5,12,10,6,20,15,5,10,10,9,2,17,30,13,8,9,16,12,3,28,28,14,12,9,14
SIMGENE0348,3,6,7,5,0,3,7,6,15,25,3,10,5,2,12,7,2,1,9,9,7,5,10,9,15,8,4,4,2,9,10,3,7,9,19,7,6,2,6,6,12,6,2,11,4,17,1,4,2,3,6,9,6,21,12,12,4,8,3,7,2,3,4,3,5,2,5,7,2,8,1,2,3,7,6,3,9,22,6,11,7,25,2,1,6,8,7,17,13,3,8,4,8,6,4,12,3,6,6,1,4,3,6,2,7,11,9,16,3,27,7,4,6,6,2,4,3,13,3,8
SIMGENE0349,10,25,15,17,10,9,17,19,23,8,7,4,4,11,9,6,11,8,3,4,4,1,2,7,10,4,17,4,9,11,12,4,14,25,18,2,8,13,9,7,18,8,23,31,13,12,4,9,9,4,7,9,3,3,5,6,24,6,7,14,5,7,30,10,5,42,4,19,15,12,15,4,21,13,10,11,11,8,9,5,15,8,17,18,5,39,10,10,6,16,9,2,36,1,16,19,28,5,18,10,27,26,11,10,24,5,8,2,13,9,3,18,6,27,5,12,13,2,14,14
SIMGENE0350,9,9,18,5,4,14,16,7,1,5,14,22,3,28,29,35,5,3,8,4,9,2,13,9,26,21,21,8,15,13,3,25,5,0,0,2,3,5,9,11,4,3,5,8,11,25,18,2,14,8,12,17,10,4,16,19,3,18,8,2,2,4,6,5,12,5,5,15,8,16,30,9,27,7,8,15,4,17,5,18,6,15,19,3,4,9,2,8,4,8,10,13,9,14,25,29,9,8,22,8,21,10,3,23,6,29,1,7,8,17,14,12,8,7,30,8,2,6,10,3
SIMGENE0351,5,4,3,13,2,2,0,5,3,3,8,6,5,2,5,12,9,4,2,17,4,4,2,2,4,4,2,3,1,3,4,6,6,9,9,4,7,5,8,7,2,3,1,6,4,11,1,4,5,6,9,4,10,4,1,8,4,13,4,11,1,2,2,6,6,4,3,8,6,0,4,3,2,7,2,3,7,3,2,7,6,10,5,6,10,8,2,2,8,2,10,5,4,4,9,9,6,3,1,9,2,3,2,9,6,2,2,4,2,0,3,7,1,5,1,4,5,2,6,7
SIMGENE0352,17,5,8,2,29,30,4,7,8,13,9,15,11,3,1,8,5,51,4,12,5,27,3,13,4,4,14,1,14,15,15,5,27,1,24,10,4,11,16,8,7,11,12,15,13,2,30,12,12,18,5,49,9,14,4,4,4,11,7,14,4,13,11,2,8,1,4,17,23,10,7,9,8,2,2,1,24,3,2,4,8,7,4,18,4,8,6,3,3,7,1,9,3,23,11,12,8,2,7,17,17,16,8,7,11,11,14,2,8,9,5,4,2,13,8,6,4,6,17,17
SIMGENE0353,17,2,3,17,27,5,6,5,22,4,20,25,2,5,8,13,14,36,3,21,6,10,2,19,5,11,3,13,4,4,8,13,5,13,4,5,3,16,14,7,9,20,15,18,27,3,22,18,8,12,4,16,8,12,24,15,11,7,7,6,9,11,11,4,10,16,3,17,3,8,4,9,4,1,6,4,4,11,4,22,22,25,4,10,4,7,9,20,8,4,11,4,5,20,5,11,4,12,42,1,15,7,7,36,4,10,4,3,19,14,4,15,9,30,23,23,3,8,12,48
SIMGENE0354,1,1,3,5,3,2,2,3,5,0,1,6,6,2,4,3,1,6,6,3,10,1,17,2,4,3,5,6,7,1,6,8,7,4,20,10,15,2,10,8,1,8,6,1,1,3,4,2,2,2,1,2,4,2,3,11,10,8,5,5,6,3,2,6,0,2,4,2,6,0,1,3,4,4,3,1,4,2,4,2,2,1,4,4,4,1,2,2,3,2,4,2,1,1,1,5,4,3,0,4,5,2,3,6,2,4,4,5,10,5,3,7,4,9,7,8,1,4,1,10
SIMGENE0355,7,13,4,7,11,2,15,1,3,10,2,4,14,3,2,2,4,5,14,12,5,5,1,3,9,6,4,3,2,6,3,6,6,3,2,1,11,10,2,4,6,9,4,2,6,4,4,9,19,11,8,1,5,2,2,3,7,2,1,8,1,6,7,7,4,2,3,16,7,2,9,1,11,15,7,6,3,5,2,3,5,2,9,6,6,4,7,6,3,2,12,6,4,2,12,9,2,20,4,5,4,7,3,2,8,3,4,6,10,4,3,4,3,7,3,7,2,1,4,5
SIMGENE0356,15,6,6,12,28,6,26,14,3,3,4,16,16,1,45,1,11,2,2,3,8,15,35,4,6,13,10,3,8,20,23,10,6,7,8,5,14,23,6,8,25,8,14,24,16,0,4,4,14,7,9,9,6,13,12,12,4,17,14,9,24,6,7,7,3,0,5,1,15,4,11,6,14,7,5,8,4,12,3,2,17,27,3,36,21,18,12,8,14,3,13,39,54,5,18,11,21,40,20,26,13,15,2,5,7,19,6,16,4,5,2,4,6,15,5,1,11,7,13,13
SIMGENE0357,3,8,7,1,2,8,0,4,6,6,1,1,10,2,6,7,3,20,4,7,1,4,5,4,8,12,4,5,6,12,1,7,1,6,9,8,10,3,6,2,7,1,7,8,5,8,4,8,5,4,9,7,12,4,2,6,11,3,6,15,6,1,11,5,8,3,12,4,9,4,13,5,1,5,17,2,1,1,5,14,7,10,4,4,30,10,5,4,3,8,4,1,15,3,8,9,20,8,3,4,3,4,1,4,4,1,6,8,4,8,7,4,5,12,6,2,10,7,2,5
SIMGENE0358,4,12,12,4,6,11,4,5,9,11,1,3,2,1,6,1,6,2,6,5,13,3,20,20,19,14,2,9,12,3,3,14,12,13,7,7,10,5,5,11,3,6,7,8,12,12,7,2,14,8,5,5,3,4,4,7,17,8,3,2,7,4,20,3,6,6,4,2,1,9,3,9,1,5,8,2,16,5,4,4,4,5,8,10,9,6,17,2,5,6,3,11,9,6,11,7,10,24,11,6,7,12,14,5,3,9,1,10,3,4,2,2,5,1,3,7,4,1,4,3
SIMGENE0359,3,5,8,8,8,8,9,5,8,10,2,17,13,11,7,16,6,7,4,13,12,16,19,24,19,44,8,2,6,8,16,4,4,5,2,2,42,6,29,20,8,2,5,17,6,1,11,5,12,2,19,14,15,5,11,7,9,19,3,5,6,3,6,5,10,2,4,3,11,9,13,5,13,6,6,6,5,8,6,12,5,2,2,3,10,2,11,16,32,2,15,1,10,1,6,6,5,2,17,10,4,21,2,7,11,3,4,7,2,11,24,11,23,9,3,5,10,1,1,12
SIMGENE0360,17,14,2,4,10,4,11,8,5,26,20,7,7,6,19,4,1,23,9,6,24,26,11,2,2,6,1,2,10,14,2,1,8,10,12,8,20,3,10,4,9,39,22,9,9,3,19,8,8,5,3,11,11,3,28,8,4,14,5,4,15,18,20,19,35,10,11,6,14,7,11,7,18,10,11,24,14,16,14,41,21,3,8,11,14,8,12,11,4,42,12,8,13,7,3,1,18,21,16,6,6,19,3,5,13,9,13,7,3,7,10,8,5,1,2,17,6,8,9,5
SIMGENE0361,3,15,1,12,2,4,9,3,5,1,4,2,8,7,7,8,8,9,3,5,1,1,3,3,5,1,3,1,7,2,5,6,8,1,3,4,4,4,18,5,3,1,9,2,6,3,7,3,10,6,11,6,0,1,1,8,8,9,8,13,3,2,5,1,3,3,2,4,1,7,0,4,2,1,5,5,4,3,2,1,1,3,2,5,1,2,4,2,4,3,4,3,3,5,2,5,3,1,7,1,9,1,4,5,1,2,3,4,3,7,10,2,3,4,2,6,1,3,4,9
SIMGENE0362,19,13,11,3,4,9,1,4,4,1,11,0,3,3,6,3,12,10,2,2,21,11,4,15,10,15,16,16,5,3,15,33,18,15,25,8,7,6,17,10,6,4,7,1,4,26,26,3,3,26,9,21,13,3,11,9,4,6,2,11,26,6,18,10,33,6,7,13,12,6,14,15,5,11,2,12,6,16,1,30,2,15,30,10,34,12,6,13,4,5,6,9,16,4,35,22,5,6,25,3,7,24,13,3,3,2,20,13,15,4,4,5,10,7,4,10,2,4,3,5
SIMGENE0363,14,7,12,9,4,3,22,12,4,32,13,5,14,7,16,30,12,6,19,10,17,7,6,24,13,8,16,5,7,6,15,11,6,18,13,4,6,1,13,4,3,3,15,1,18,11,5,4,8,3,5,21,13,14,13,22,15,3,8,23,8,2,13,1,4,13,8,4,7,1,35,14,10,14,14,10,7,18,9,7,8,6,7,16,20,25,11,18,12,31,20,9,4,22,14,58,34,23,36,5,30,23,5,23,16,16,9,23,4,3,28,17,6,18,3,7,8,3,42,20
SIMGENE0364,1,2,4,8,6,4,20,15,11,7,1,12,9,17,14,0,14,7,13,8,10,25,10,11,16,9,11,7,9,9,13,3,6,7,3,16,12,9,6,2,9,16,1,0,7,3,8,15,13,28,19,8,8,5,4,10,6,8,4,13,10,10,5,29,26,18,11,3,8,3,4,9,4,9,13,10,18,9,4,8,17,17,12,3,4,6,11,4,21,2,11,14,7,6,17,5,6,6,25,2,12,9,11,19,13,3,1,15,6,4,7,10,12,9,10,22,1,7,3,24
SIMGENE0365,1,1,1,4,2,1,0,2,0,1,3,14,1,2,3,4,2,5,5,1,5,1,2,3,1,1,1,2,4,1,1,2,4,2,2,0,2,1,2,2,3,2,1,3,3,3,4,1,4,10,1,1,3,4,4,4,4,0,4,4,2,2,2,1,1,3,0,2,4,1,0,1,5,1,2,1,2,2,3,0,3,2,1,1,2,2,3,2,1,2,3,2,1,2,4,0,1,0,4,2,0,2,2,8,2,1,1,4,1,1,0,1,1,5,1,6,3,3,3,3
SIMGENE0366,2,1,3,1,1,0,0,13,1,8,2,12,1,10,2,7,4,4,2,5,2,9,6,1,3,4,5,4,5,1,1,3,3,2,1,2,7,4,3,5,2,2,2,6,5,4,4,4,2,3,5,5,7,0,5,2,5,2,1,5,3,2,5,1,2,2,8,7,1,3,3,2,10,1,1,3,3,6,1,2,4,3,3,1,13,4,1,1,4,6,2,1,1,3,4,6,0,5,3,5,6,4,5,4,5,3,5,4,1,0,1,9,4,8,4,8,2,5,4,3
SIMGENE0367,2,1,5,4,10,1,3,10,8,8,16,10,2,9,1,5,4,5,9,2,10,3,9,14,18,14,7,25,7,17,11,27,3,8,22,36,7,37,22,16,7,19,3,6,5,14,4,17,9,2,8,2,8,5,19,27,12,15,7,8,5,3,4,6,3,2,4,8,4,8,2,4,4,2,3,10,6,19,5,12,13,18,4,21,8,16,9,4,3,10,26,9,11,15,16,31,15,4,13,25,13,29,6,2,30,11,15,8,9,10,4,17,5,14,4,4,16,12,49,10
SIMGENE0368,1,3,5,4,9,5,5,5,1,5,1,4,5,5,2,1,5,3,1,4,5,5,14,3,10,7,2,9,6,3,21,2,2,6,4,10,1,2,11,7,2,14,8,4,13,1,2,1,3,4,6,8,5,13,2,5,1,2,4,6,5,0,3,4,11,9,23,1,2,12,6,8,5,14,29,9,8,3,11,4,2,8,2,2,14,7,7,5,8,9,3,5,3,8,3,5,2,2,1,4,10,9,6,8,10,5,2,10,2,2,2,10,5,6,2,7,6,9,5,5
SIMGENE0369,3,16,3,6,16,5,14,1,14,7,4,14,10,13,11,5,1,24,2,3,6,0,8,6,4,5,13,10,2,3,14,4,8,4,10,5,8,3,3,3,14,8,15,4,1,4,2,2,2,2,9,9,10,4,1,3,7,5,4,4,8,13,3,12,2,7,9,4,34,5,10,10,2,4,1,3,6,3,1,4,4,10,10,4,10,3,3,7,2,8,5,3,17,2,11,8,10,7,1,9,2,1,3,1,7,11,3,1,0,11,3,7,10,13,1,2,4,3,6,6
SIMGENE0370,6,5,7,5,4,1,7,8,3,10,2,6,2,4,1,4,3,1,1,3,8,9,7,2,7,13,3,5,3,7,4,2,2,7,2,2,6,7,1,8,3,22,5,7,7,6,5,3,4,10,9,15,9,10,11,14,3,11,1,9,7,5,9,8,3,5,10,3,9,5,1,7,10,8,4,6,11,6,5,7,8,7,11,2,8,3,10,2,6,10,0,4,11,2,9,14,3,4,6,12,4,10,0,3,3,3,3,5,2,7,2,4,8,5,14,3,6,1,1,6
SIMGENE0371,4,10,17,1,8,12,5,3,15,14,11,21,10,4,4,9,5,7,10,8,4,15,12,5,2,1,3,4,12,7,10,11,9,3,2,14,7,30,3,6,4,16,7,6,3,2,9,18,14,7,4,5,7,8,36,6,3,5,6,12,4,11,9,3,6,1,6,7,6,1,0,6,8,6,3,6,3,2,7,21,11,3,10,7,12,6,4,1,7,8,3,5,8,6,10,5,1,4,5,39,6,14,2,2,2,1,6,5,27,3,6,6,7,14,12,11,7,4,9,7
SIMGENE0372,7,5,1,3,7,5,6,4,0,3,1,2,1,4,2,6,2,5,6,5,1,1,1,6,4,5,8,11,3,3,5,2,23,1,4,4,2,7,6,4,9,2,2,3,1,4,1,8,4,0,2,2,3,2,2,2,0,3,2,1,8,5,1,5,4,0,4,12,5,7,3,5,11,5,2,3,1,2,10,6,10,10,11,22,10,6,10,11,4,11,6,12,9,4,5,1,12,5,11,6,6,11,2,4,2,1,1,5,2,7,4,7,3,3,1,3,1,10,2,4
SIMGENE0373,5,6,11,6,5,12,7,1,19,3,9,3,6,5,2,14,1,26,5,8,10,5,7,4,5,3,5,2,3,2,10,10,6,11,16,8,2,4,2,10,8,3,4,6,9,24,13,12,3,2,4,2,5,3,3,5,1,17,1,5,2,0,11,5,20,6,15,9,4,4,2,26,16,9,13,7,11,15,19,3,2,5,37,22,11,4,17,5,2,5,12,23,9,18,9,7,4,24,12,7,14,10,18,4,10,17,17,13,6,2,14,10,4,9,5,5,8,6,5,5
SIMGENE0374,1,6,4,3,4,1,2,1,4,0,4,4,3,3,3,1,4,3,3,2,6,4,5,5,3,0,3,3,3,7,3,8,3,2,5,2,7,2,8,2,7,8,3,1,8,5,1,5,5,4,1,3,5,7,1,4,3,13,1,1,10,8,5,4,9,2,6,0,5,5,1,2,8,2,4,3,2,2,1,5,4,4,3,4,4,4,5,5,6,1,5,3,1,2,0,1,10,2,3,4,5,6,2,5,4,2,7,3,1,8,1,6,2,5,4,6,0,8,1,7
SIMGENE0375,13,29,11,3,6,5,8,7,44,13,3,11,11,2,18,4,9,10,9,18,33,2,21,6,3,8,0,4,1,2,8,10,11,6,3,3,2,3,4,7,23,14,6,11,16,5,3,10,39,8,13,19,41,9,14,8,2,10,13,11,11,7,2,11,18,15,3,6,16,13,11,9,13,12,22,15,16,17,5,36,18,4,1,5,2,9,6,8,11,3,7,9,4,11,4,2,3,10,6,5,3,13,7,8,17,21,7,3,9,12,52,16,11,5,12,15,30,19,5,29
SIMGENE0376,8,6,2,3,3,10,12,3,4,9,7,12,2,2,16,13,3,2,2,2,6,1,12,17,8,2,5,5,9,5,7,3,10,5,11,4,8,2,7,3,8,8,3,6,1,5,5,3,4,3,4,1,1,2,13,8,3,2,12,0,5,2,1,4,1,5,1,5,2,5,1,2,5,5,3,13,2,3,3,13,5,1,7,3,9,2,3,3,2,3,2,4,4,3,3,4,3,6,3,10,1,3,2,2,5,5,3,3,2,6,5,11,2,5,3,4,3,5,5,4
SIMGENE0377,2,6,9,5,4,10,35,5,27,10,8,25,3,16,7,28,19,9,33,13,13,2,17,5,6,8,31,0,12,3,12,4,19,12,3,2,15,33,2,4,11,36,11,17,19,8,7,3,7,25,21,18,8,3,4,13,26,17,5,13,6,9,23,14,9,8,2,2,18,5,29,13,24,16,3,23,17,18,16,20,2,13,26,1,5,23,11,38,5,18,11,12,6,9,20,6,5,21,1,12,4,10,4,15,15,15,8,16,23,9,15,0,3,14,3,2,12,4,4,8
SIMGENE0378,1,1,7,2,8,12,5,6,8,8,3,1,7,5,2,10,3,1,2,6,4,5,16,9,1,4,4,7,6,1,22,17,10,3,6,16,5,17,3,7,5,14,8,12,2,9,1,11,6,14,4,4,4,2,14,10,2,6,2,8,2,5,1,4,2,24,4,7,1,6,8,1,2,2,4,2,3,2,4,8,2,2,3,8,4,34,11,11,9,10,11,4,3,3,14,10,5,2,8,4,4,5,2,3,2,5,2,6,9,7,5,7,3,12,6,11,17,0,8,11
SIMGENE0379,4,15,4,4,11,9,4,11,22,3,2,2,9,1,6,12,2,6,14,4,7,11,5,3,6,3,4,4,10,4,5,4,3,2,3,4,2,14,7,4,6,11,5,9,7,5,2,7,6,4,6,23,10,2,7,7,12,11,11,5,6,5,3,11,4,10,0,3,14,1,4,28,2,7,5,7,9,9,1,7,13,1,7,8,8,9,16,10,12,5,14,22,7,11,5,4,13,6,6,1,10,5,14,12,17,7,6,11,5,2,7,13,19,6,13,10,5,5,7,8
SIMGENE0380,1,5,4,3,5,2,3,8,1,3,3,2,4,2,3,4,3,7,3,7,2,2,3,2,1,3,1,1,5,4,3,0,3,5,7,2,2,4,7,6,3,6,2,2,2,3,2,1,2,2,2,3,8,3,1,0,5,6,2,4,2,3,4,4,5,0,4,1,2,0,1,1,2,3,4,1,0,1,1,1,3,0,1,3,3,3,4,2,2,4,0,3,4,4,3,2,5,5,4,10,1,5,5,3,2,1,3,3,0,1,0,4,1,0,1,1,4,2,2,3
SIMGENE0381,3,6,8,4,10,2,6,1,5,1,3,2,4,7,10,4,2,2,3,9,4,2,11,5,1,4,3,2,1,2,4,4,3,6,7,5,1,2,5,5,1,3,4,4,2,1,4,2,2,1,3,2,2,2,2,1,1,1,8,3,1,4,1,5,10,6,6,4,6,1,2,7,3,1,6,6,3,8,2,6,3,7,1,5,1,4,3,3,12,0,2,2,6,3,1,3,4,1,6,3,11,1,3,4,5,5,2,2,1,7,3,0,2,11,5,3,2,8,4,1
SIMGENE0382,4,5,11,4,6,3,9,13,5,4,3,1,4,4,2,5,3,3,13,12,3,1,5,9,5,4,6,7,1,22,1,8,12,3,3,2,14,7,5,6,21,10,15,14,4,13,5,9,8,18,10,14,1,10,10,4,7,5,3,4,4,19,35,25,12,1,7,4,14,6,5,23,5,1,12,9,11,10,6,22,6,11,12,23,10,13,8,9,6,16,11,2,10,14,14,16,24,23,9,8,7,3,2,5,15,5,3,9,1,8,4,4,1,3,3,2,6,10,3,1
SIMGENE0383,2,1,1,1,4,3,1,1,1,3,1,1,0,0,0,1,1,1,3,3,2,1,1,0,1,0,1,3,1,1,1,4,1,2,2,1,1,1,0,3,2,2,0,0,0,2,2,2,0,2,0,1,1,1,1,0,1,2,1,0,2,2,1,3,2,0,1,1,1,1,1,1,1,1,1,1,3,1,0,4,1,2,2,0,1,1,4,1,1,2,2,0,1,2,1,1,1,0,2,2,0,2,1,1,3,1,3,1,1,1,3,2,1,0,1,2,0,1,0,2
SIMGENE0384,9,9,16,2,5,13,27,1,13,9,28,22,3,15,7,21,10,30,8,20,10,15,14,18,12,9,24,14,9,11,17,23,10,10,48,6,42,9,2,1,15,10,8,16,17,2,2,7,1,10,11,4,11,3,9,9,9,4,12,1,8,16,6,5,2,4,2,15,8,7,2,15,15,4,15,2,28,16,5,8,6,3,2,9,3,6,11,14,13,11,16,14,8,28,21,19,7,0,7,24,30,2,3,24,34,8,9,11,8,7,12,7,1,9,16,21,9,5,18,10
SIMGENE0385,4,1,2,5,2,3,3,4,1,3,1,1,3,3,2,2,3,1,2,4,1,2,6,1,5,1,1,4,1,0,2,3,1,1,2,3,6,3,4,3,2,4,2,8,4,3,4,6,8,1,3,2,2,2,2,2,7,1,5,1,1,3,4,4,0,2,6,1,1,1,8,2,3,2,1,4,2,3,3,1,0,1,4,2,2,1,4,2,3,3,3,5,2,1,1,2,5,6,2,2,2,6,6,6,10,4,2,1,5,4,1,1,2,6,0,1,8,1,5,8
SIMGENE0386,26,19,12,0,5,7,7,27,13,5,18,18,5,2,13,6,13,2,7,7,13,6,4,5,4,16,7,9,12,23,10,21,3,9,7,7,24,17,12,6,3,9,6,6,3,9,1,2,16,5,4,13,3,4,8,5,17,7,2,6,14,10,2,9,13,12,1,14,2,4,4,24,8,10,29,10,22,4,34,7,16,38,15,4,22,10,2,14,32,6,14,35,7,7,6,7,2,12,4,6,16,12,9,11,8,18,13,4,10,4,5,8,3,3,2,11,8,14,2,14
SIMGENE0387,6,2,5,2,5,5,2,8,3,2,9,3,8,3,3,1,7,15,0,8,2,3,8,4,4,3,6,6,3,7,3,2,4,2,4,2,2,1,3,2,2,4,2,4,2,7,17,6,6,4,2,5,1,2,3,3,2,5,4,4,3,1,5,1,1,2,5,5,3,4,0,2,1,3,2,1,6,3,1,3,4,11,2,1,3,4,2,5,0,7,2,7,5,4,4,2,2,2,6,2,2,9,0,2,2,1,1,2,0,2,2,1,1,2,3,1,4,2,3,11
SIMGENE0388,9,18,12,38,8,20,7,19,33,28,9,66,8,4,6,7,20,20,22,13,6,5,10,16,5,18,11,6,21,3,20,20,7,19,7,3,9,20,21,1,3,31,24,21,26,16,13,31,9,11,10,34,8,51,16,12,9,10,11,20,20,5,12,12,12,13,14,6,3,13,20,6,30,16,3,9,1,2,19,6,12,5,13,4,2,10,7,13,13,10,7,4,10,2,5,18,2,3,6,12,15,20,3,30,24,1,5,6,3,23,4,14,9,7,10,6,7,34,1,2
SIMGENE0389,4,2,7,7,2,13,5,7,4,2,3,5,8,4,5,4,8,1,6,4,14,8,12,4,10,12,32,6,7,11,4,7,6,4,3,3,4,22,10,10,8,5,5,8,8,3,5,11,4,0,7,4,5,10,11,16,14,2,17,17,6,21,7,7,3,4,6,8,11,3,2,16,1,4,7,1,1,7,12,3,6,7,8,13,9,15,2,2,12,5,3,6,16,7,11,9,22,9,1,9,14,3,2,4,2,7,9,4,4,3,11,11,9,19,14,4,6,3,9,9
SIMGENE0390,9,9,4,5,6,6,23,2,9,3,9,13,25,14,14,7,6,19,16,17,8,14,9,5,36,20,6,9,10,6,8,4,3,23,2,8,10,3,12,2,9,3,17,6,5,37,9,7,5,9,12,10,15,14,8,2,2,9,2,3,10,18,29,3,26,2,21,24,13,9,6,7,20,33,14,11,5,23,7,5,7,1,5,7,7,9,27,35,28,9,9,10,16,10,8,12,14,10,17,2,15,12,3,6,1,18,0,6,21,5,9,7,1,7,3,8,17,2,2,9
SIMGENE0391,4,6,8,1,2,4,5,4,4,8,2,3,4,14,11,2,3,16,8,18,4,6,6,5,5,6,11,7,3,2,7,4,5,1,6,5,6,7,8,9,4,3,4,7,5,1,2,7,4,10,10,5,5,4,13,2,8,5,9,2,6,3,1,11,4,6,7,7,2,3,7,3,4,2,4,10,8,6,4,1,7,8,5,5,2,10,7,4,18,7,2,13,9,12,9,2,5,6,4,6,3,13,3,6,4,10,14,14,6,3,2,1,3,4,7,1,1,7,13,1
SIMGENE0392,12,12,21,1,15,18,6,3,14,9,10,8,8,8,7,5,7,1,5,1,2,6,5,2,2,5,13,2,4,3,1,7,11,4,9,5,11,11,8,3,5,5,5,1,8,11,6,2,5,9,3,10,3,8,3,4,8,11,7,7,6,10,5,2,7,6,6,4,17,3,2,10,3,1,13,6,5,7,5,8,1,3,3,3,19,8,6,1,8,8,7,2,3,8,2,4,13,8,7,5,3,11,13,17,24,9,8,12,5,11,4,3,2,2,7,4,1,1,15,2
SIMGENE0393,2,1,4,5,18,5,1,6,4,1,4,2,1,2,5,6,2,1,3,5,11,6,12,12,13,2,14,1,4,7,20,2,9,3,3,4,13,10,22,6,4,18,7,3,2,9,7,7,22,13,4,10,6,9,12,21,7,5,16,18,20,19,26,18,3,13,3,10,8,11,14,14,11,14,8,3,14,2,12,1,4,1,5,5,5,3,15,10,4,2,3,6,8,5,3,8,4,7,5,8,21,26,11,14,7,4,1,13,9,10,3,14,25,4,10,17,7,7,8,5
SIMGENE0394,26,2,15,8,11,3,20,10,2,4,6,21,10,31,20,16,14,12,16,22,26,13,3,30,18,11,11,1,9,5,0,8,28,6,6,2,8,2,7,18,7,4,8,3,6,6,12,8,3,1,13,0,7,13,3,11,5,4,1,14,3,14,5,22,5,11,6,6,1,6,7,21,7,21,2,12,4,4,5,9,8,20,12,7,8,11,11,19,14,1,4,20,3,5,4,9,6,14,2,7,3,2,3,6,11,26,13,8,7,2,5,7,6,10,5,8,10,22,9,5
SIMGENE0395,4,8,4,4,1,7,5,1,2,12,1,2,0,7,3,4,6,10,5,1,34,4,3,3,5,1,11,5,2,10,4,9,4,3,7,14,8,4,6,9,4,2,5,4,5,9,8,5,16,3,10,6,4,3,6,1,0,3,3,4,19,9,4,5,3,3,5,4,3,8,2,1,1,2,1,0,17,3,4,4,3,7,6,1,0,3,7,2,5,0,3,4,1,6,3,3,3,1,1,6,1,10,7,5,8,5,2,1,2,4,4,2,11,10,2,5,8,3,1,4
SIMGENE0396,6,4,7,9,2,7,3,6,9,3,7,11,2,4,7,2,4,3,8,11,11,5,8,16,7,3,13,6,12,12,7,19,21,5,4,7,5,14,6,17,9,4,4,2,17,11,25,1,4,7,9,13,8,12,6,13,7,19,7,20,2,2,17,9,11,17,8,11,8,12,9,6,7,5,28,2,10,3,11,15,7,11,8,3,6,12,14,18,13,11,8,7,11,8,11,3,23,0,5,29,5,8,1,5,21,16,6,6,9,10,7,12,19,16,15,11,12,10,12,14
SIMGENE0397,5,9,2,2,5,4,6,2,5,4,4,0,3,1,1,1,4,0,2,5,4,5,3,2,2,1,4,3,3,12,5,2,5,8,3,9,1,5,6,7,7,3,3,2,0,16,4,4,3,4,3,2,4,4,7,5,6,0,3,7,3,5,3,7,2,0,2,2,6,2,1,1,4,1,6,2,5,2,5,4,6,2,7,11,3,9,1,5,17,4,5,5,4,3,1,1,2,2,6,3,3,6,2,5,4,5,7,5,3,1,2,2,3,6,1,8,3,2,2,4
SIMGENE0398,12,12,7,7,4,19,5,7,8,13,1,9,13,3,4,10,11,14,9,5,4,13,7,23,5,11,15,21,13,6,15,8,15,13,9,19,1,31,10,2,19,6,8,4,7,10,18,11,18,6,4,6,7,6,5,6,2,9,3,13,2,12,9,11,9,8,3,17,3,12,9,4,9,1,5,2,3,5,9,1,6,7,3,3,4,3,1,4,10,4,5,7,3,2,0,7,8,11,15,4,3,11,2,7,7,11,1,12,11,6,3,23,6,8,10,12,16,3,7,7
SIMGENE0399,5,13,11,31,19,21,26,31,13,11,27,6,24,2,14,13,15,8,14,5,10,1,32,9,3,4,12,9,13,6,15,4,7,3,21,8,16,21,11,11,22,5,12,19,20,15,11,18,10,12,11,10,10,11,24,1,7,17,13,3,17,12,23,17,23,17,5,18,63,15,20,4,21,21,19,3,9,13,13,4,13,12,8,16,5,7,14,25,32,4,5,20,19,3,7,12,1,10,6,16,12,6,9,7,6,29,29,4,1,18,16,12,16,6,6,8,11,21,15,15
SIMGENE0400,6,5,16,8,12,3,19,9,2,8,4,4,5,17,6,3,3,8,11,6,2,11,5,5,7,6,0,9,2,7,10,4,11,5,3,2,3,6,5,12,13,15,9,4,3,6,9,12,23,12,3,22,9,3,4,9,15,1,10,31,4,6,15,6,1,10,3,9,3,9,21,2,8,4,17,5,5,2,10,11,1,5,8,12,4,11,5,8,6,5,9,4,9,8,2,5,15,4,4,20,22,14,18,11,11,12,11,17,12,8,7,3,2,7,10,6,4,25,23,16
